"0.0","0.48","0","17724.0","17728.0","17732.0","17724.0","17708.0"
"5.35","0.48","0","17724.0","17732.0","17732.0","17724.0","17708.0"
"10.01","0.48","0","17724.0","17732.0","17732.0","17724.0","17708.0"
"15.22","0.48","0","17860.0","17732.0","17868.0","17860.0","17708.0"
"20.05","0.48","384","18116.0","17996.0","17868.0","17988.0","17708.0"
"25.24","0.48","384","18124.0","17996.0","17868.0","17988.0","17708.0"
"30.08","385.46","640","18388.0","18136.0","18008.0","18252.0","17708.0"
"35.29","385.46","768","18520.0","18264.0","18008.0","18252.0","17712.0"
"40.46","385.46","768","18520.0","18264.0","18008.0","18256.0","17712.0"
"45.23","898.69","896","18652.0","18260.0","18136.0","18380.0","17708.0"
"50.02","898.69","1024","18788.0","18400.0","18136.0","18520.0","17708.0"
"55.16","898.69","1152","18916.0","18532.0","18136.0","18520.0","17708.0"
"60.38","898.69","1280","19176.0","18660.0","18276.0","18776.0","17708.0"
"65.27","898.69","1408","19176.0","18788.0","18276.0","18776.0","17708.0"
"70.45","898.69","1536","19304.0","18788.0","18408.0","18904.0","17708.0"
"75.24","898.69","1664","19432.0","18788.0","18408.0","18904.0","17712.0"
"80.05","898.69","1792","19564.0","18916.0","18408.0","19032.0","17712.0"
"85.31","1924.9","1920","19700.0","19048.0","18544.0","19168.0","17708.0"
"90.11","1924.9","2048","19840.0","19048.0","18544.0","19168.0","17708.0"
"95.34","1924.9","2176","19968.0","19188.0","18544.0","19300.0","17708.0"
"100.1","1924.9","2432","20224.0","19320.0","18672.0","19428.0","17708.0"
"105.32","1924.9","2432","20224.0","19320.0","18672.0","19428.0","17708.0"
"110.05","1924.9","2560","20356.0","19448.0","18672.0","19556.0","17708.0"
"115.39","2566.37","2688","20500.0","19588.0","18812.0","19692.0","17708.0"
"120.25","2566.37","2816","20632.0","19588.0","18812.0","19692.0","17708.0"
"125.1","2566.37","2944","20760.0","19716.0","18812.0","19820.0","17708.0"
"130.39","2566.37","3072","21016.0","19844.0","18940.0","19952.0","17708.0"
"135.14","2566.37","3200","21016.0","19844.0","18940.0","19956.0","17708.0"
"140.41","2566.37","3328","21144.0","19972.0","18940.0","20084.0","17708.0"
"145.21","2566.37","3584","21404.0","20104.0","19068.0","20212.0","17708.0"
"150.08","2566.37","3584","21404.0","20104.0","19068.0","20212.0","17708.0"
"155.38","3720.81","3712","21540.0","20240.0","19220.0","20480.0","17712.0"
"160.19","3720.81","3840","21804.0","20380.0","19220.0","20480.0","17716.0"
"165.39","3720.81","3968","21808.0","20508.0","19220.0","20608.0","17716.0"
"170.12","3720.81","4096","21936.0","20508.0","19348.0","20740.0","17716.0"
"175.38","4362.28","4352","22196.0","20640.0","19352.0","20748.0","17716.0"
"180.16","4362.28","4480","22332.0","20780.0","19352.0","20884.0","17720.0"
"185.45","4362.28","4480","22336.0","20780.0","19352.0","20888.0","17720.0"
"190.24","4362.28","4736","22592.0","20912.0","19492.0","21016.0","17720.0"
"195.5","4362.28","4864","22720.0","21040.0","19492.0","21144.0","17720.0"
"200.29","4362.28","4864","22852.0","21044.0","19620.0","21272.0","17720.0"
"205.48","4362.28","5120","22980.0","21172.0","19620.0","21272.0","17720.0"
"210.26","5131.99","5248","23124.0","21432.0","19620.0","21528.0","17716.0"
"215.45","5131.99","5248","23124.0","21436.0","19620.0","21528.0","17720.0"
"220.2","5131.99","5504","23380.0","21568.0","19760.0","21664.0","17720.0"
"225.5","5131.99","5632","23508.0","21696.0","19760.0","21792.0","17720.0"
"230.23","5131.99","5632","23508.0","21696.0","19760.0","21792.0","17720.0"
"235.44","5131.99","5888","23772.0","21828.0","19888.0","21920.0","17720.0"
"240.28","5131.99","6016","23900.0","21960.0","19892.0","22052.0","17720.0"
"245.15","5131.99","6016","23900.0","21960.0","20024.0","22180.0","17720.0"
"250.08","5131.99","6272","24156.0","22088.0","20024.0","22180.0","17720.0"
"255.3","6286.44","6400","24296.0","22232.0","20024.0","22320.0","17716.0"
"260.05","6286.44","6528","24428.0","22232.0","20164.0","22448.0","17716.0"
"265.3","6286.44","6528","24556.0","22360.0","20164.0","22448.0","17716.0"
"270.09","6671.42","6656","24560.0","22356.0","20160.0","22448.0","17716.0"
"275.31","6671.42","6784","24824.0","22496.0","20300.0","22716.0","17716.0"
"280.07","6671.42","6912","24824.0","22496.0","20300.0","22716.0","17720.0"
"285.35","6671.42","7040","24952.0","22628.0","20300.0","22716.0","17720.0"
"290.1","6671.42","7296","25212.0","22756.0","20428.0","22972.0","17720.0"
"295.34","6671.42","7424","25340.0","22884.0","20428.0","22972.0","17720.0"
"300.09","6671.42","7424","25340.0","23012.0","20428.0","23104.0","17720.0"
"305.32","6671.42","7552","25472.0","23012.0","20556.0","23232.0","17720.0"
"310.17","7697.62","7680","25608.0","23016.0","20560.0","23232.0","17724.0"
"315.03","7954.37","7936","25876.0","23284.0","20564.0","23364.0","17720.0"
"320.29","7954.37","7936","25876.0","23284.0","20708.0","23500.0","17720.0"
"325.08","7954.37","8064","26016.0","23288.0","20708.0","23500.0","17720.0"
"330.4","7954.37","8320","26272.0","23556.0","20708.0","23628.0","17720.0"
"335.18","7954.37","8320","26272.0","23556.0","20708.0","23628.0","17720.0"
"340.48","7954.37","8448","26400.0","23556.0","20840.0","23888.0","17720.0"
"345.23","7954.37","8704","26656.0","23812.0","20840.0","23892.0","17720.0"
"350.46","7954.37","8704","26660.0","23812.0","20840.0","23892.0","17724.0"
"355.23","7954.37","9088","27048.0","24068.0","20968.0","24148.0","17724.0"
"360.06","9108.81","9088","27052.0","24072.0","20972.0","24148.0","17724.0"
"365.32","9108.81","9088","27052.0","24072.0","20976.0","24148.0","17724.0"
"370.09","9108.81","9472","27444.0","24344.0","21112.0","24412.0","17724.0"
"375.38","9108.81","9472","27444.0","24344.0","21112.0","24412.0","17724.0"
"380.21","9108.81","9472","27444.0","24344.0","21112.0","24416.0","17724.0"
"385.47","9108.81","9856","27832.0","24600.0","21240.0","24676.0","17724.0"
"390.27","9108.81","9856","27832.0","24600.0","21240.0","24676.0","17724.0"
"395.11","9108.81","9856","27832.0","24600.0","21240.0","24676.0","17724.0"
"400.08","10006.77","10112","28104.0","24732.0","21380.0","24812.0","17724.0"
"405.45","10263.51","10240","28236.0","24872.0","21384.0","24940.0","17728.0"
"410.37","10263.51","10240","28236.0","24872.0","21384.0","24940.0","17728.0"
"415.23","10263.51","10496","28500.0","25016.0","21528.0","25076.0","17728.0"
"420.14","10263.51","10624","28632.0","25144.0","21528.0","25204.0","17728.0"
"425.4","10263.51","10624","28632.0","25272.0","21528.0","25204.0","17728.0"
"430.17","10263.51","10880","28888.0","25272.0","21656.0","25336.0","17728.0"
"435.49","10904.99","11008","29040.0","25416.0","21656.0","25476.0","17732.0"
"440.3","10904.99","11008","29040.0","25416.0","21656.0","25476.0","17732.0"
"445.1","10904.99","11264","29296.0","25544.0","21796.0","25604.0","17732.0"
"450.09","10904.99","11264","29296.0","25544.0","21796.0","25604.0","17732.0"
"455.49","10904.99","11392","29424.0","25672.0","21796.0","25736.0","17736.0"
"460.26","10904.99","11648","29680.0","25804.0","21924.0","25864.0","17736.0"
"465.12","10904.99","11648","29680.0","25804.0","21924.0","25864.0","17736.0"
"470.3","10904.99","11904","29940.0","25932.0","22052.0","26124.0","17736.0"
"475.02","10904.99","12032","30072.0","26060.0","22052.0","26124.0","17736.0"
"480.27","10904.99","12032","30072.0","26060.0","22056.0","26124.0","17732.0"
"485.12","12059.43","12288","30340.0","26204.0","22196.0","26388.0","17736.0"
"490.4","12059.43","12416","30468.0","26332.0","22196.0","26388.0","17736.0"
"495.15","12059.43","12544","30600.0","26332.0","22328.0","26516.0","17736.0"
"500.44","12059.43","12672","30728.0","26460.0","22328.0","26644.0","17736.0"
"505.18","12700.9","12672","30736.0","26604.0","22328.0","26644.0","17732.0"
"510.02","12700.9","12928","31000.0","26604.0","22468.0","26784.0","17732.0"
"515.27","12700.9","13056","31128.0","26732.0","22468.0","26912.0","17732.0"
"520.48","12700.9","13056","31132.0","26732.0","22468.0","26916.0","17732.0"
"525.27","12700.9","13312","31392.0","26860.0","22596.0","27044.0","17732.0"
"530.05","12700.9","13440","31520.0","26988.0","22596.0","27168.0","17732.0"
"535.44","13470.62","13440","31524.0","26992.0","22596.0","27168.0","17732.0"
"540.27","13470.62","13696","31788.0","27128.0","22736.0","27308.0","17736.0"
"545.06","13470.62","13824","31916.0","27256.0","22736.0","27436.0","17736.0"
"550.35","13470.62","13824","31916.0","27256.0","22736.0","27436.0","17736.0"
"555.26","13470.62","13952","32044.0","27388.0","22736.0","27436.0","17736.0"
"560.09","14112.09","14208","32308.0","27528.0","22864.0","27700.0","17732.0"
"565.35","14112.09","14208","32308.0","27528.0","22864.0","27700.0","17732.0"
"570.1","14112.09","14464","32568.0","27656.0","23004.0","27828.0","17732.0"
"575.38","14112.09","14592","32696.0","27784.0","23004.0","27956.0","17732.0"
"580.09","14112.09","14592","32696.0","27784.0","23004.0","27956.0","17732.0"
"585.43","14112.09","14720","32824.0","27912.0","23136.0","28084.0","17732.0"
"590.19","14112.09","14976","33084.0","28040.0","23136.0","28212.0","17736.0"
"595.48","15010.05","14976","33080.0","28044.0","23132.0","28216.0","17736.0"
"600.35","15010.05","15104","33216.0","28188.0","23132.0","28216.0","17736.0"
"605.16","15010.05","15360","33472.0","28316.0","23272.0","28484.0","17736.0"
"610.37","15010.05","15360","33472.0","28316.0","23272.0","28488.0","17736.0"
"615.18","15010.05","15488","33600.0","28444.0","23272.0","28488.0","17740.0"
"620.03","15779.77","15744","33476.0","28312.0","23268.0","28484.0","17740.0"
"625.32","15779.77","15744","33476.0","28312.0","23272.0","28484.0","17740.0"
"630.13","15779.77","15872","33612.0","28452.0","23272.0","28484.0","17740.0"
"635.39","15779.77","16000","33740.0","28580.0","23408.0","28752.0","17740.0"
"640.17","15779.77","16128","33868.0","28580.0","23408.0","28752.0","17740.0"
"645.07","15779.77","16256","33996.0","28712.0","23408.0","28752.0","17740.0"
"650.46","15779.77","16384","34128.0","28840.0","23536.0","29008.0","17740.0"
"655.31","16549.48","16512","50128.0","44960.0","39656.0","45004.0","34128.0"
"660.13","16549.48","16640","50264.0","45100.0","39656.0","45004.0","34128.0"
"665.39","16549.48","16768","50392.0","45100.0","39800.0","45140.0","34128.0"
"670.28","16549.48","16896","50520.0","45228.0","39800.0","45268.0","34128.0"
"675.07","17062.71","17024","49616.0","44580.0","39536.0","44624.0","34124.0"
"680.31","17062.71","17152","49756.0","44580.0","39676.0","44760.0","34124.0"
"685.07","17062.71","17280","49884.0","44720.0","39676.0","44896.0","34124.0"
"690.4","17062.71","17408","50012.0","44852.0","39676.0","44896.0","34128.0"
"695.21","17062.71","17408","50012.0","44852.0","39676.0","44896.0","34128.0"
"700.08","17062.71","17536","50140.0","44852.0","39804.0","45152.0","34128.0"
"705.36","17062.71","17792","50400.0","45108.0","39804.0","45152.0","34128.0"
"710.07","17062.71","17792","50400.0","45108.0","39804.0","45152.0","34128.0"
"715.36","17062.71","18176","50788.0","45364.0","39932.0","45408.0","34128.0"
"720.14","18217.16","18176","50148.0","44976.0","39668.0","44888.0","34124.0"
"725.39","18217.16","18176","50148.0","44976.0","39668.0","44888.0","34124.0"
"730.08","18217.16","18560","50544.0","45248.0","39808.0","45156.0","34124.0"
"735.35","18217.16","18560","50544.0","45248.0","39808.0","45160.0","34128.0"
"740.2","18217.16","18560","50544.0","45376.0","39808.0","45160.0","34128.0"
"745.02","18986.87","18944","49780.0","44728.0","39544.0","44640.0","34124.0"
"750.34","18986.87","18944","49780.0","44728.0","39544.0","44640.0","34124.0"
"755.12","18986.87","18944","49780.0","44728.0","39544.0","44640.0","34124.0"
"760.37","18986.87","19328","50176.0","44996.0","39688.0","44904.0","34124.0"
"765.13","18986.87","19328","50176.0","44996.0","39688.0","44904.0","34124.0"
"770.39","19371.86","19328","49540.0","45268.0","39424.0","44664.0","34132.0"
"775.32","19371.86","19712","49932.0","45400.0","39564.0","44800.0","34132.0"
"780.05","19371.86","19712","49936.0","45400.0","39564.0","44800.0","34132.0"
"785.29","19371.86","19840","50192.0","45528.0","39692.0","45056.0","34132.0"
"790.05","19371.86","20096","50324.0","45656.0","39692.0","45056.0","34132.0"
"795.26","19371.86","20096","50324.0","45656.0","39692.0","45056.0","34132.0"
"800.05","20141.57","20224","49684.0","45008.0","39576.0","44544.0","34132.0"
"805.34","20141.57","20480","49940.0","45276.0","39576.0","44672.0","34132.0"
"810.11","20141.57","20480","49940.0","45276.0","39576.0","44672.0","34132.0"
"815.38","20141.57","20480","49948.0","45276.0","39704.0","44808.0","34132.0"
"820.27","20141.57","20736","50204.0","45404.0","39704.0","44808.0","34136.0"
"825.06","20141.57","20864","50336.0","45536.0","39704.0","44936.0","34136.0"
"830.26","20911.29","20992","49320.0","44900.0","39312.0","44160.0","34136.0"
"835.09","20911.29","21120","49448.0","45028.0","39452.0","44424.0","34136.0"
"840.42","20911.29","21248","49576.0","45028.0","39452.0","44424.0","34136.0"
"845.28","20911.29","21376","49704.0","45156.0","39452.0","44424.0","34136.0"
"850.48","20911.29","21632","49964.0","45284.0","39584.0","44680.0","34136.0"
"855.38","20911.29","21632","49964.0","45284.0","39584.0","44680.0","34136.0"
"860.11","20911.29","21760","50092.0","45412.0","39584.0","44680.0","34136.0"
"865.39","20911.29","21888","50220.0","45412.0","39712.0","44816.0","34136.0"
"870.21","20911.29","22016","50348.0","45544.0","39712.0","44944.0","34136.0"
"875.43","22193.97","22144","50096.0","45416.0","39576.0","44688.0","34140.0"
"880.23","22193.97","22272","50364.0","45556.0","39716.0","44952.0","34140.0"
"885.5","22193.97","22400","50368.0","45556.0","39716.0","44952.0","34140.0"
"890.36","22193.97","22528","50496.0","45684.0","39716.0","44952.0","34140.0"
"895.19","22193.97","22528","50496.0","45684.0","39844.0","45080.0","34144.0"
"900.11","22193.97","22784","50752.0","45812.0","39844.0","45208.0","34144.0"
"905.34","22835.45","22912","49864.0","45308.0","39452.0","44440.0","34148.0"
"910.07","22835.45","23040","49992.0","45308.0","39592.0","44580.0","34148.0"
"915.35","22835.45","23168","50124.0","45440.0","39592.0","44708.0","34148.0"
"920.1","23220.44","23296","50008.0","45320.0","39592.0","44580.0","34148.0"
"925.39","23220.44","23424","50136.0","45320.0","39736.0","44716.0","34148.0"
"930.11","23220.44","23552","50264.0","45448.0","39736.0","44844.0","34148.0"
"935.42","23220.44","23680","50392.0","45576.0","39736.0","44848.0","34148.0"
"940.18","23220.44","23808","50520.0","45576.0","39864.0","44976.0","34148.0"
"945.37","23220.44","23936","50652.0","45704.0","39864.0","45108.0","34148.0"
"950.14","23220.44","23936","50652.0","45704.0","39864.0","45108.0","34148.0"
"955.01","23220.44","24192","50908.0","45832.0","39992.0","45236.0","34148.0"
"960.06","24374.88","24320","49884.0","45196.0","39608.0","44592.0","34152.0"
"965.34","24374.88","24448","50024.0","45336.0","39608.0","44592.0","34152.0"
"970.11","24374.88","24576","50152.0","45464.0","39748.0","44728.0","34152.0"
"975.45","24374.88","24704","50284.0","45464.0","39748.0","44856.0","34152.0"
"980.23","24374.88","24704","50284.0","45464.0","39748.0","44856.0","34152.0"
"985.01","24888.11","25088","49772.0","45084.0","39620.0","44608.0","34152.0"
"990.3","24888.11","25088","49772.0","45084.0","39620.0","44608.0","34152.0"
"995.22","24888.11","25088","49772.0","45084.0","39620.0","44608.0","34152.0"
"1000.04","24888.11","25472","50160.0","45344.0","39748.0","44868.0","34152.0"
"1005.34","24888.11","25472","50160.0","45344.0","39748.0","44868.0","34152.0"
"1010.26","24888.11","25600","50288.0","45472.0","39748.0","44868.0","34152.0"
"1015.01","24888.11","25856","50548.0","45600.0","39880.0","45124.0","34152.0"
"1020.28","24888.11","25856","50548.0","45600.0","39880.0","45124.0","34156.0"
"1025.1","24888.11","25984","50676.0","45728.0","39880.0","45124.0","34156.0"
"1030.42","26042.55","26240","50684.0","45736.0","39892.0","45132.0","34156.0"
"1035.29","26042.55","26240","50684.0","45736.0","39892.0","45132.0","34156.0"
"1040.2","26042.55","26368","50168.0","45472.0","39624.0","44744.0","34156.0"
"1045.01","26427.54","26624","50432.0","45616.0","39764.0","45008.0","34156.0"
"1050.23","26427.54","26624","50432.0","45616.0","39764.0","45008.0","34160.0"
"1055.05","26427.54","26880","50692.0","45744.0","39892.0","45136.0","34160.0"
"1060.38","26427.54","26880","50692.0","45744.0","39892.0","45140.0","34160.0"
"1065.11","26427.54","27008","50820.0","45872.0","39892.0","45268.0","34160.0"
"1070.37","26427.54","27136","51076.0","46000.0","40020.0","45400.0","34160.0"
"1075.12","26427.54","27264","51076.0","46000.0","40020.0","45400.0","34160.0"
"1080.49","27325.5","27392","50060.0","45364.0","39632.0","44764.0","34160.0"
"1085.33","27325.5","27520","50188.0","45492.0","39632.0","44764.0","34160.0"
"1090.12","27325.5","27648","50324.0","45492.0","39772.0","44892.0","34160.0"
"1095.46","27325.5","27776","50452.0","45624.0","39772.0","45020.0","34160.0"
"1100.23","27325.5","28032","50708.0","45752.0","39904.0","45148.0","34160.0"
"1105.47","27325.5","28032","50708.0","45752.0","39904.0","45148.0","34160.0"
"1110.25","27325.5","28160","50836.0","45880.0","39904.0","45276.0","34160.0"
"1115.49","27325.5","28416","51096.0","46008.0","40032.0","45408.0","34160.0"
"1120.28","28479.94","28416","50456.0","45620.0","39776.0","44892.0","34156.0"
"1125.03","28479.94","28544","50592.0","45760.0","39776.0","45028.0","34156.0"
"1130.3","28479.94","28800","50852.0","45888.0","39912.0","45156.0","34156.0"
"1135.11","28479.94","28800","50852.0","45888.0","39912.0","45160.0","34156.0"
"1140.44","28479.94","28928","50980.0","46020.0","39912.0","45416.0","34156.0"
"1145.4","28993.17","29184","50472.0","45640.0","39904.0","45028.0","34156.0"
"1150.28","28993.17","29184","50472.0","45640.0","39904.0","45032.0","34156.0"
"1155.28","28993.17","29312","50600.0","45768.0","39904.0","45164.0","34156.0"
"1160.09","28993.17","29440","50856.0","45896.0","40040.0","45296.0","34156.0"
"1165.36","28993.17","29568","50984.0","46024.0","40040.0","45424.0","34156.0"
"1170.21","29762.88","29696","50344.0","45632.0","39776.0","45032.0","34160.0"
"1175.08","29762.88","29824","50480.0","45632.0","39920.0","45168.0","34160.0"
"1180.43","29762.88","29952","50612.0","45772.0","39920.0","45296.0","34160.0"
"1185.32","29762.88","30080","50744.0","45904.0","40048.0","45424.0","34160.0"
"1190.16","29762.88","30208","50872.0","45904.0","40048.0","45424.0","34160.0"
"1195.4","29762.88","30336","51000.0","46032.0","40048.0","45424.0","34160.0"
"1200.24","29762.88","30464","51128.0","46160.0","40056.0","44916.0","34160.0"
"1205.09","30532.6","30592","50360.0","45516.0","39924.0","45052.0","34160.0"
"1210.38","30532.6","30720","50492.0","45656.0","39924.0","45052.0","34160.0"
"1215.18","30532.6","30976","50748.0","45784.0","40052.0","45312.0","34160.0"
"1220.45","30532.6","30976","50752.0","45784.0","40052.0","45312.0","34160.0"
"1225.2","30532.6","31104","50880.0","45912.0","40052.0","45312.0","34160.0"
"1230.49","30532.6","31360","51136.0","46044.0","40180.0","45568.0","34160.0"
"1235.35","31430.56","31360","50364.0","45528.0","39920.0","45048.0","34160.0"
"1240.07","31430.56","31488","50504.0","45668.0","39920.0","45048.0","34160.0"
"1245.35","31430.56","31744","50760.0","45796.0","40060.0","45320.0","34160.0"
"1250.09","31430.56","31744","50760.0","45796.0","40060.0","45320.0","34160.0"
"1255.37","31430.56","31872","50888.0","45924.0","40060.0","45320.0","34160.0"
"1260.18","31430.56","32128","51144.0","46052.0","40192.0","45576.0","34160.0"
"1265.49","31430.56","32128","51144.0","46052.0","40192.0","45576.0","34160.0"
"1270.29","32328.52","32256","66892.0","62044.0","56312.0","61440.0","50544.0"
"1275.04","32328.52","32512","67156.0","62188.0","56452.0","61704.0","50544.0"
"1280.25","32328.52","32512","67160.0","62316.0","56452.0","61704.0","50544.0"
"1285.07","32328.52","32640","67288.0","62316.0","56452.0","61704.0","50544.0"
"1290.39","32328.52","32896","67544.0","62444.0","56580.0","61968.0","50544.0"
"1295.15","32328.52","33024","67676.0","62572.0","56580.0","61968.0","50544.0"
"1300.49","32328.52","33152","67804.0","62572.0","56708.0","62096.0","50544.0"
"1305.21","32328.52","33280","67932.0","62700.0","56708.0","62224.0","50544.0"
"1310.49","33354.71","33280","67416.0","62312.0","56576.0","61964.0","50544.0"
"1315.23","33354.71","33408","67552.0","62452.0","56576.0","61964.0","50544.0"
"1320.01","33354.71","33664","67808.0","62584.0","56716.0","62232.0","50544.0"
"1325.36","33739.7","33792","66792.0","61944.0","56320.0","61460.0","50544.0"
"1330.19","33739.7","33792","66792.0","61944.0","56320.0","61460.0","50544.0"
"1335.42","33739.7","34048","67048.0","62072.0","56460.0","61724.0","50548.0"
"1340.22","33739.7","34048","67048.0","62072.0","56460.0","61724.0","50548.0"
"1345.45","33739.7","34176","67176.0","62200.0","56460.0","61724.0","50548.0"
"1350.22","33739.7","34432","67436.0","62328.0","56592.0","61980.0","50548.0"
"1355.01","33739.7","34432","67440.0","62456.0","56592.0","61980.0","50548.0"
"1360.27","33739.7","34560","67568.0","62456.0","56592.0","61980.0","50548.0"
"1365.02","33739.7","34816","67824.0","62588.0","56720.0","62240.0","50548.0"
"1370.28","34894.15","34944","67192.0","61700.0","56460.0","61724.0","50544.0"
"1375.45","34894.15","34944","67192.0","61700.0","56460.0","61728.0","50544.0"
"1380.22","34894.15","35200","67452.0","61828.0","56600.0","61992.0","50544.0"
"1385.05","34894.15","35328","67580.0","61956.0","56600.0","61992.0","50548.0"
"1390.26","34894.15","35328","67580.0","61956.0","56600.0","61992.0","50548.0"
"1395.47","35407.37","35456","67336.0","61696.0","56600.0","61868.0","50548.0"
"1400.47","35407.37","35712","67596.0","61964.0","56600.0","61996.0","50548.0"
"1405.17","35407.37","35712","67596.0","61964.0","56600.0","61996.0","50548.0"
"1410.01","35407.37","35840","67728.0","61964.0","56728.0","62124.0","50548.0"
"1415.22","35407.37","36096","67988.0","62224.0","56728.0","62260.0","50548.0"
"1420.0","35407.37","36096","67988.0","62224.0","56728.0","62260.0","50548.0"
"1425.3","35407.37","36224","68116.0","62224.0","56860.0","62388.0","50548.0"
"1430.04","36433.57","36352","67480.0","61984.0","56604.0","62008.0","50560.0"
"1435.34","36433.57","36480","67616.0","61984.0","56604.0","62008.0","50564.0"
"1440.14","36690.32","36608","66972.0","61464.0","56488.0","61628.0","50560.0"
"1445.48","36690.32","36736","67112.0","61604.0","56488.0","61764.0","50560.0"
"1450.34","36690.32","36864","67240.0","61732.0","56488.0","61764.0","50560.0"
"1455.22","36690.32","36992","67368.0","61732.0","56628.0","61892.0","50560.0"
"1460.48","36690.32","37120","67500.0","61864.0","56628.0","62024.0","50560.0"
"1465.23","36690.32","37376","67756.0","61992.0","56756.0","62152.0","50560.0"
"1470.49","36690.32","37376","67756.0","61992.0","56756.0","62280.0","50560.0"
"1475.22","36690.32","37504","67888.0","62120.0","56756.0","62280.0","50560.0"
"1480.48","36690.32","37760","68144.0","62248.0","56884.0","61636.0","50560.0"
"1485.26","37844.76","37888","66996.0","61484.0","56492.0","61772.0","50560.0"
"1490.04","37844.76","37888","66996.0","61484.0","56492.0","61772.0","50560.0"
"1495.31","37844.76","37888","66996.0","61612.0","56492.0","61772.0","50564.0"
"1500.23","37844.76","38272","67388.0","61744.0","56632.0","62032.0","50564.0"
"1505.08","38357.99","38272","66740.0","61360.0","56368.0","61520.0","50568.0"
"1510.39","38357.99","38400","66876.0","61500.0","56368.0","61520.0","50572.0"
"1515.12","38357.99","38656","67132.0","61632.0","56512.0","61788.0","50576.0"
"1520.36","38357.99","38656","67132.0","61632.0","56512.0","61788.0","50576.0"
"1525.07","38357.99","38784","67260.0","61760.0","56640.0","61916.0","50576.0"
"1530.34","39127.71","39040","67136.0","61624.0","56504.0","61784.0","50572.0"
"1535.25","39127.71","39040","67136.0","61624.0","56508.0","61788.0","50572.0"
"1540.04","39127.71","39168","67272.0","61896.0","56508.0","61928.0","50576.0"
"1545.27","39127.71","39424","67532.0","61896.0","56644.0","62056.0","50576.0"
"1550.04","39127.71","39424","67532.0","61896.0","56644.0","62056.0","50576.0"
"1555.24","39127.71","39552","67660.0","62024.0","56644.0","62184.0","50576.0"
"1560.05","39897.42","39808","66768.0","61376.0","56384.0","61540.0","50572.0"
"1565.34","39897.42","39808","66768.0","61376.0","56388.0","61540.0","50572.0"
"1570.03","39897.42","39936","67032.0","61644.0","56388.0","61676.0","50572.0"
"1575.21","39897.42","40064","67032.0","61644.0","56528.0","61804.0","50572.0"
"1580.48","39897.42","40192","67160.0","61644.0","56528.0","61804.0","50572.0"
"1585.18","39897.42","40320","67288.0","61772.0","56528.0","61804.0","50572.0"
"1590.09","39897.42","40448","67416.0","61904.0","56528.0","61936.0","50576.0"
"1595.31","39897.42","40704","67676.0","62032.0","56656.0","62064.0","50576.0"
"1600.15","39897.42","40704","67676.0","62160.0","56656.0","62192.0","50576.0"
"1605.02","39897.42","40832","67804.0","62160.0","56656.0","62192.0","50576.0"
"1610.45","40923.62","41088","67556.0","61912.0","56664.0","62068.0","50572.0"
"1615.18","40923.62","41216","67684.0","62040.0","56664.0","62196.0","50572.0"
"1620.49","40923.62","41216","67688.0","62168.0","56664.0","62196.0","50572.0"
"1625.39","41436.85","41344","66660.0","61396.0","56268.0","61424.0","50576.0"
"1630.13","41436.85","41600","66924.0","61540.0","56408.0","61692.0","50576.0"
"1635.34","41436.85","41600","66924.0","61540.0","56408.0","61692.0","50576.0"
"1640.13","41436.85","41728","67052.0","61668.0","56408.0","61692.0","50576.0"
"1645.4","41436.85","41984","67308.0","61796.0","56536.0","61952.0","50576.0"
"1650.23","41436.85","41984","67308.0","61796.0","56536.0","61952.0","50576.0"
"1655.49","42206.57","42112","67052.0","61660.0","56404.0","61688.0","50576.0"
"1660.32","42206.57","42368","67316.0","61800.0","56544.0","61952.0","50580.0"
"1665.13","42206.57","42368","67316.0","61800.0","56544.0","61952.0","50580.0"
"1670.29","42206.57","42496","67444.0","61928.0","56544.0","61952.0","50580.0"
"1675.05","42206.57","42752","67700.0","62056.0","56672.0","62212.0","50580.0"
"1680.39","42206.57","42752","67700.0","62056.0","56672.0","62212.0","50580.0"
"1685.21","42206.57","43008","67964.0","62316.0","56672.0","62340.0","50580.0"
"1690.37","42206.57","43136","68092.0","62316.0","56804.0","62468.0","50580.0"
"1695.23","42206.57","43136","68092.0","62316.0","56804.0","62468.0","50580.0"
"1700.03","42206.57","43264","68480.0","62572.0","56932.0","62728.0","50580.0"
"1705.33","42206.57","43520","68480.0","62572.0","56932.0","62728.0","50580.0"
"1710.12","43617.5","43648","67720.0","62196.0","56548.0","62224.0","50576.0"
"1715.34","43617.5","43776","67848.0","62324.0","56548.0","62224.0","50576.0"
"1720.13","43617.5","43904","67976.0","62324.0","56684.0","62352.0","50576.0"
"1725.39","43617.5","43904","67976.0","62324.0","56684.0","62352.0","50580.0"
"1730.17","44258.97","44160","67076.0","61808.0","56428.0","61844.0","50576.0"
"1735.08","44258.97","44288","67216.0","61808.0","56428.0","61844.0","50576.0"
"1740.48","44258.97","44416","67344.0","61948.0","56428.0","61972.0","50576.0"
"1745.3","44258.97","44672","67600.0","62076.0","56556.0","62108.0","50576.0"
"1750.08","44258.97","44672","67600.0","62076.0","56556.0","62108.0","50576.0"
"1755.44","44258.97","44800","67732.0","62204.0","56556.0","62236.0","50576.0"
"1760.18","44258.97","45056","67992.0","62332.0","56684.0","62364.0","50576.0"
"1765.39","45156.93","45056","67476.0","61940.0","56424.0","61848.0","50576.0"
"1770.2","45156.93","45184","67740.0","62212.0","56424.0","61984.0","50576.0"
"1775.48","45413.68","45440","67108.0","61692.0","56308.0","61600.0","50576.0"
"1780.31","45413.68","45440","67108.0","61692.0","56308.0","61600.0","50576.0"
"1785.07","45413.68","45568","67236.0","61960.0","56308.0","61728.0","50576.0"
"1790.44","45413.68","45696","67364.0","61960.0","56308.0","61728.0","50580.0"
"1795.1","45413.68","45824","67496.0","61960.0","56436.0","61860.0","50580.0"
"1800.42","45413.68","46080","67752.0","62216.0","56436.0","61992.0","50580.0"
"1805.21","46183.39","46080","66980.0","61696.0","56172.0","61472.0","50576.0"
"1810.43","46183.39","46208","67116.0","61696.0","56312.0","61608.0","50576.0"
"1815.23","46183.39","46464","67372.0","61968.0","56312.0","61736.0","50576.0"
"1820.45","46183.39","46464","67372.0","61968.0","56440.0","61736.0","50576.0"
"1825.22","46183.39","46592","67508.0","61968.0","56440.0","61864.0","50580.0"
"1830.13","46183.39","46720","67764.0","62224.0","56440.0","61992.0","50580.0"
"1835.39","46953.11","46976","67004.0","61708.0","56188.0","61492.0","50580.0"
"1840.11","46953.11","46976","67004.0","61708.0","56188.0","61492.0","50584.0"
"1845.4","46953.11","47232","67260.0","61976.0","56188.0","61620.0","50584.0"
"1850.17","46953.11","47360","67392.0","61976.0","56316.0","61752.0","50584.0"
"1855.37","46953.11","47360","67392.0","61976.0","56316.0","61752.0","50584.0"
"1860.19","46953.11","47616","67648.0","62236.0","56316.0","61880.0","50584.0"
"1865.0","46953.11","47616","67648.0","62236.0","56316.0","61880.0","50584.0"
"1870.32","46953.11","47744","67776.0","62236.0","56448.0","62008.0","50584.0"
"1875.17","46953.11","48000","68032.0","62492.0","56448.0","62140.0","50584.0"
"1880.02","48107.55","48000","67136.0","61848.0","56188.0","61624.0","50580.0"
"1885.3","48107.55","48128","67280.0","61848.0","56328.0","61760.0","50580.0"
"1890.16","48107.55","48384","67536.0","62116.0","56328.0","61888.0","50580.0"
"1895.44","48107.55","48384","67536.0","62116.0","56328.0","61888.0","50584.0"
"1900.26","48107.55","48512","67664.0","62116.0","56456.0","62016.0","50584.0"
"1905.12","48107.55","48768","67920.0","62376.0","56456.0","62144.0","50584.0"
"1910.47","48107.55","48768","67920.0","62376.0","56456.0","62144.0","50584.0"
"1915.33","48107.55","48768","67920.0","62376.0","56456.0","77768.0","66976.0"
"1920.32","48877.27","49152","83684.0","78392.0","72596.0","78036.0","66976.0"
"1925.24","48877.27","49152","83684.0","78392.0","72596.0","78040.0","66976.0"
"1930.13","49262.25","49152","83296.0","78128.0","72456.0","77772.0","66976.0"
"1935.46","49262.25","49408","83560.0","78268.0","72596.0","78040.0","66976.0"
"1940.33","49262.25","49536","83688.0","78396.0","72596.0","78040.0","66976.0"
"1945.1","49262.25","49536","83688.0","78396.0","72596.0","78040.0","66976.0"
"1950.43","49262.25","49920","84080.0","78660.0","72724.0","78300.0","66980.0"
"1955.19","49262.25","49920","84080.0","78660.0","72724.0","78300.0","66980.0"
"1960.46","50031.97","49920","82924.0","77888.0","72336.0","77532.0","66984.0"
"1965.15","50031.97","50176","83316.0","78156.0","72480.0","77800.0","66988.0"
"1970.4","50031.97","50304","83316.0","78156.0","72480.0","77800.0","66988.0"
"1975.14","50031.97","50304","83316.0","78156.0","72480.0","77800.0","66988.0"
"1980.4","50031.97","50560","83576.0","78412.0","72608.0","78056.0","66988.0"
"1985.18","50031.97","50688","83704.0","78412.0","72608.0","78056.0","66988.0"
"1990.4","50031.97","50688","83708.0","78412.0","72608.0","78056.0","66988.0"
"1995.21","50031.97","50944","83964.0","78672.0","72612.0","78184.0","66988.0"
"2000.46","50031.97","51072","84092.0","78672.0","72740.0","78312.0","66984.0"
"2005.28","51186.41","51072","83580.0","78284.0","72612.0","78056.0","66984.0"
"2010.1","51186.41","51328","83848.0","78552.0","72612.0","78192.0","66984.0"
"2015.39","51186.41","51328","83848.0","78552.0","72748.0","78324.0","66984.0"
"2020.18","51571.4","51456","82948.0","78044.0","72356.0","77548.0","66984.0"
"2025.06","51571.4","51712","83212.0","78172.0","72356.0","77684.0","66984.0"
"2030.35","51571.4","51712","83216.0","78172.0","72496.0","77812.0","66984.0"
"2035.14","51571.4","51840","83348.0","78304.0","72496.0","77812.0","66984.0"
"2040.44","51571.4","52096","83604.0","78432.0","72496.0","77940.0","66984.0"
"2045.22","51571.4","52224","83732.0","78432.0","72628.0","78068.0","66984.0"
"2050.4","52341.12","52352","83608.0","78436.0","72492.0","78076.0","66984.0"
"2055.17","52341.12","52480","83736.0","78564.0","72492.0","78076.0","66984.0"
"2060.46","52341.12","52608","83868.0","78564.0","72632.0","78204.0","66984.0"
"2065.24","52341.12","52736","83996.0","78692.0","72632.0","78336.0","66988.0"
"2070.07","52341.12","52864","84124.0","78820.0","72632.0","78336.0","66988.0"
"2075.37","52341.12","52992","84252.0","78820.0","72760.0","78464.0","66988.0"
"2080.14","52341.12","53248","84508.0","79080.0","72760.0","78592.0","66988.0"
"2085.34","52341.12","53248","84508.0","79080.0","72760.0","78592.0","66988.0"
"2090.17","52341.12","53376","84640.0","79080.0","72888.0","78720.0","66988.0"
"2095.44","53623.8","53504","83616.0","78580.0","72500.0","78092.0","66988.0"
"2100.4","53623.8","53632","83752.0","78580.0","72500.0","78092.0","66988.0"
"2105.2","53623.8","53760","83880.0","78580.0","72640.0","78220.0","66988.0"
"2110.5","53623.8","53888","84008.0","78708.0","72640.0","78220.0","66988.0"
"2115.28","53623.8","54016","84140.0","78836.0","72640.0","78348.0","66988.0"
"2120.08","53623.8","54144","84272.0","78836.0","72768.0","78480.0","66988.0"
"2125.29","54393.52","54272","83888.0","78576.0","72632.0","78088.0","66988.0"
"2130.09","54393.52","54400","84024.0","78716.0","72632.0","78224.0","66988.0"
"2135.39","54393.52","54656","84284.0","78844.0","72776.0","78352.0","66988.0"
"2140.15","54778.5","54656","83508.0","78328.0","72512.0","77836.0","66988.0"
"2145.4","54778.5","54784","83644.0","78468.0","72512.0","77976.0","66988.0"
"2150.24","54778.5","55040","83904.0","78596.0","72652.0","78104.0","66988.0"
"2155.43","54778.5","55168","84032.0","78724.0","72652.0","78232.0","66988.0"
"2160.16","54778.5","55168","84032.0","78724.0","72652.0","78232.0","66988.0"
"2165.48","55419.98","55424","83524.0","78348.0","72520.0","77844.0","66992.0"
"2170.23","55419.98","55424","83524.0","78348.0","72520.0","77844.0","66996.0"
"2175.09","55419.98","55552","83652.0","78476.0","72520.0","77980.0","67000.0"
"2180.4","55419.98","55680","83784.0","78604.0","72660.0","78112.0","67000.0"
"2185.18","55419.98","55808","83912.0","78604.0","72660.0","78112.0","67000.0"
"2190.44","55419.98","55936","84040.0","78732.0","72660.0","78244.0","67000.0"
"2195.19","55419.98","56064","84296.0","78860.0","72788.0","78372.0","67000.0"
"2200.4","56317.94","56192","83272.0","78084.0","72524.0","77728.0","67004.0"
"2205.2","56317.94","56320","83408.0","78224.0","72524.0","77864.0","67004.0"
"2210.02","56317.94","56448","83544.0","78224.0","72664.0","77992.0","67004.0"
"2215.29","56317.94","56576","83672.0","78356.0","72664.0","77992.0","67004.0"
"2220.1","56317.94","56704","83800.0","78484.0","72664.0","78120.0","67004.0"
"2225.33","56317.94","56832","83928.0","78484.0","72796.0","78252.0","67004.0"
"2230.03","56317.94","56960","84056.0","78612.0","72796.0","78252.0","67004.0"
"2235.28","56317.94","57088","84184.0","78740.0","72796.0","78380.0","67004.0"
"2240.04","56317.94","57344","84444.0","78868.0","72924.0","78508.0","67004.0"
"2245.24","57472.38","57344","83932.0","78480.0","72788.0","78248.0","67000.0"
"2250.06","57472.38","57472","84068.0","78620.0","72788.0","78384.0","67004.0"
"2255.26","57472.38","57600","84196.0","78752.0","72788.0","78388.0","67004.0"
"2260.47","57472.38","57856","84452.0","78880.0","72928.0","78644.0","67004.0"
"2265.21","57472.38","57856","84452.0","78880.0","72928.0","78644.0","67004.0"
"2270.44","57472.38","57856","84452.0","78880.0","72928.0","78644.0","67004.0"
"2275.28","57472.38","58112","84840.0","79136.0","73056.0","78904.0","67004.0"
"2280.05","58370.34","58240","84076.0","78620.0","72792.0","78388.0","67004.0"
"2285.32","58370.34","58240","84076.0","78620.0","72792.0","78388.0","67004.0"
"2290.07","58370.34","58496","84340.0","78760.0","72932.0","78524.0","67004.0"
"2295.28","58755.33","58624","83060.0","77984.0","72412.0","77624.0","67004.0"
"2300.15","58755.33","58624","83060.0","77984.0","72412.0","77624.0","67004.0"
"2305.35","58755.33","58752","83200.0","78128.0","72556.0","77760.0","67004.0"
"2310.09","58755.33","59008","83456.0","78256.0","72556.0","77892.0","67004.0"
"2315.4","58755.33","59008","83456.0","78256.0","72556.0","77892.0","67004.0"
"2320.17","58755.33","59136","83584.0","78384.0","72556.0","77896.0","67008.0"
"2325.48","58755.33","59392","83840.0","78512.0","72684.0","78152.0","67008.0"
"2330.24","58755.33","59392","83840.0","78512.0","72684.0","78152.0","67008.0"
"2335.08","59653.28","59520","83332.0","78128.0","72552.0","77764.0","67008.0"
"2340.42","59653.28","59776","83596.0","78268.0","72692.0","78028.0","67008.0"
"2345.26","59653.28","59776","83596.0","78268.0","72692.0","78028.0","67008.0"
"2350.06","59653.28","59904","83724.0","78400.0","72692.0","78028.0","67008.0"
"2355.3","60038.27","60032","82964.0","77880.0","72436.0","77524.0","67008.0"
"2360.19","60038.27","60288","83224.0","78144.0","72436.0","77656.0","67008.0"
"2365.48","60038.27","60288","83224.0","78144.0","72436.0","77656.0","67008.0"
"2370.25","60038.27","60416","83352.0","78144.0","72564.0","77784.0","67008.0"
"2375.07","60038.27","60672","83608.0","78400.0","72564.0","77912.0","67008.0"
"2380.36","60038.27","60672","83608.0","78400.0","72564.0","77912.0","67008.0"
"2385.11","60038.27","60800","83736.0","78400.0","72692.0","78040.0","67008.0"
"2390.47","60936.23","61056","83752.0","78420.0","72700.0","78048.0","67016.0"
"2395.25","60936.23","61056","83752.0","78420.0","72700.0","78052.0","67020.0"
"2400.08","60936.23","61056","83752.0","78420.0","72704.0","78052.0","67020.0"
"2405.39","60936.23","61312","84008.0","78548.0","72844.0","78312.0","67020.0"
"2410.16","60936.23","61440","84136.0","78676.0","72844.0","78312.0","67020.0"
"2415.42","60936.23","61568","84264.0","78676.0","72972.0","78440.0","67020.0"
"2420.25","61705.94","61696","83632.0","78428.0","72704.0","78060.0","67020.0"
"2425.05","61705.94","61824","83760.0","78428.0","72704.0","78060.0","67020.0"
"2430.36","61705.94","61824","83760.0","78428.0","72704.0","78060.0","67024.0"
"2435.29","61705.94","62080","84016.0","78556.0","72844.0","78316.0","67024.0"
"2440.03","61705.94","62208","84144.0","78688.0","72844.0","78316.0","67024.0"
"2445.26","61705.94","62208","84144.0","78168.0","72584.0","77800.0","67020.0"
"2450.12","62347.42","62464","83648.0","78308.0","72724.0","78068.0","67020.0"
"2455.33","62347.42","62592","83776.0","78436.0","72724.0","78068.0","67020.0"
"2460.12","62347.42","62592","83776.0","78436.0","72724.0","78068.0","67020.0"
"2465.46","62347.42","62848","84032.0","78564.0","72852.0","78324.0","67020.0"
"2470.15","62347.42","62976","84160.0","78692.0","72852.0","78324.0","67020.0"
"2475.44","62347.42","62976","84164.0","78692.0","72852.0","78328.0","67020.0"
"2480.24","63245.38","63232","83272.0","78056.0","72592.0","77816.0","67020.0"
"2485.49","63245.38","63360","83400.0","78188.0","72592.0","77816.0","67020.0"
"2490.26","63245.38","63360","83404.0","78188.0","72592.0","77816.0","67020.0"
"2495.07","63245.38","63616","83660.0","78316.0","72736.0","78076.0","67020.0"
"2500.32","63245.38","63744","83788.0","78444.0","72736.0","78076.0","67024.0"
"2505.05","63245.38","63744","83788.0","78444.0","72736.0","78076.0","67024.0"
"2510.3","64143.33","64000","83276.0","78060.0","72600.0","77820.0","67024.0"
"2515.03","64143.33","64128","83412.0","78200.0","72604.0","77820.0","67024.0"
"2520.33","64143.33","64128","83412.0","78200.0","72604.0","77820.0","67024.0"
"2525.22","64143.33","64384","83668.0","78328.0","72740.0","78084.0","67024.0"
"2530.4","64656.56","64512","83408.0","78196.0","72608.0","77824.0","67024.0"
"2535.09","64656.56","64640","83544.0","78336.0","72608.0","77964.0","67024.0"
"2540.34","64656.56","64768","83676.0","78336.0","72748.0","78092.0","67024.0"
"2545.15","64656.56","64896","83804.0","78464.0","72748.0","78092.0","67024.0"
"2550.01","64656.56","65024","83936.0","78592.0","72748.0","78220.0","67024.0"
"2555.24","64656.56","65152","84064.0","78592.0","72876.0","78348.0","67024.0"
"2560.02","64656.56","65152","84064.0","78592.0","72876.0","78352.0","67024.0"
"2565.31","64656.56","65408","84320.0","94712.0","89260.0","94484.0","83408.0"
"2570.14","65554.52","65536","100072.0","94712.0","89260.0","94484.0","83408.0"
"2575.44","65554.52","65536","100072.0","94712.0","89260.0","94488.0","83408.0"
"2580.32","65554.52","65792","100328.0","94984.0","89264.0","94616.0","83408.0"
"2585.25","65554.52","65920","100456.0","94984.0","89396.0","94744.0","83412.0"
"2590.47","66067.75","65920","99300.0","94208.0","89004.0","93972.0","83408.0"
"2595.25","66067.75","66176","99568.0","94476.0","89004.0","94108.0","83408.0"
"2600.01","66067.75","66304","99700.0","94476.0","89144.0","94236.0","83408.0"
"2605.25","66067.75","66304","99700.0","94476.0","89144.0","94236.0","83408.0"
"2610.09","66067.75","66432","99828.0","94604.0","89272.0","94496.0","83412.0"
"2615.29","66067.75","66688","100084.0","94732.0","89272.0","94496.0","83412.0"
"2620.04","66067.75","66688","100084.0","94732.0","89272.0","94496.0","83412.0"
"2625.31","66067.75","66816","100212.0","94864.0","89400.0","94752.0","83412.0"
"2630.11","66067.75","67072","100472.0","94992.0","89400.0","94752.0","83412.0"
"2635.37","66067.75","67072","100472.0","94992.0","89400.0","94752.0","83412.0"
"2640.18","66067.75","67328","100728.0","95248.0","89528.0","95008.0","83412.0"
"2645.08","67606.92","67456","100472.0","94988.0","89392.0","94752.0","83408.0"
"2650.4","67607.18","67456","99708.0","94472.0","89132.0","94232.0","83412.0"
"2655.11","67607.18","67584","99844.0","94612.0","89132.0","94368.0","83412.0"
"2660.39","67607.18","67840","100104.0","94740.0","89276.0","94500.0","83412.0"
"2665.04","67607.18","67840","100104.0","94740.0","89276.0","94500.0","83412.0"
"2670.21","67607.18","68096","100360.0","95000.0","89276.0","94628.0","83412.0"
"2675.0","67607.18","68224","100488.0","95000.0","89404.0","94756.0","83412.0"
"2680.27","67607.18","68224","100488.0","95000.0","89404.0","94756.0","83412.0"
"2685.41","67607.18","68224","100616.0","95128.0","89404.0","94756.0","83412.0"
"2690.25","68505.14","68608","99600.0","94360.0","89152.0","94256.0","83408.0"
"2695.04","68505.14","68608","99600.0","94360.0","89152.0","94260.0","83408.0"
"2700.39","68505.14","68608","99600.0","94364.0","89152.0","94260.0","83408.0"
"2705.19","68505.14","68992","99984.0","94624.0","89280.0","94520.0","83408.0"
"2710.02","68505.14","68992","99984.0","94624.0","89280.0","94520.0","83408.0"
"2715.34","69146.62","68992","99212.0","94108.0","89016.0","94000.0","83412.0"
"2720.12","69146.62","69376","99608.0","94380.0","89156.0","94264.0","83412.0"
"2725.38","69146.62","69376","99608.0","94380.0","89156.0","94264.0","83412.0"
"2730.26","69146.62","69376","99608.0","94380.0","89156.0","94264.0","83412.0"
"2735.03","69146.62","69760","99992.0","94636.0","89284.0","94520.0","83412.0"
"2740.24","69146.62","69760","99992.0","94636.0","89284.0","94520.0","83412.0"
"2745.06","69146.62","69760","99992.0","94636.0","89284.0","94520.0","83412.0"
"2750.34","69146.62","70144","100380.0","94892.0","89416.0","94780.0","83412.0"
"2755.24","69146.62","70144","100380.0","94892.0","89416.0","94780.0","83412.0"
"2760.08","69146.62","70144","100380.0","94892.0","89416.0","94780.0","83412.0"
"2765.49","70301.06","70400","100264.0","94900.0","89288.0","94656.0","83416.0"
"2770.39","70301.06","70528","100392.0","94900.0","89428.0","94784.0","83416.0"
"2775.22","70301.06","70528","100392.0","94900.0","89428.0","94784.0","83416.0"
"2780.15","70301.06","70784","100652.0","95156.0","89428.0","94916.0","83416.0"
"2785.22","70942.53","70912","100148.0","94764.0","89292.0","94532.0","83412.0"
"2790.08","70942.53","70912","100148.0","94764.0","89292.0","94532.0","83412.0"
"2795.42","70942.53","71040","100276.0","94904.0","89292.0","94664.0","83412.0"
"2800.23","70942.53","71296","100536.0","95032.0","89428.0","94792.0","83412.0"
"2805.01","70942.53","71296","100536.0","95032.0","89428.0","94792.0","83412.0"
"2810.34","70942.53","71424","100664.0","95164.0","89428.0","94924.0","83416.0"
"2815.05","70942.53","71552","100796.0","95292.0","89556.0","94540.0","83412.0"
"2820.38","71712.24","71680","100156.0","95300.0","89424.0","94540.0","83412.0"
"2825.2","71712.24","71808","100288.0","95436.0","89424.0","94676.0","83412.0"
"2830.47","71712.24","72064","100544.0","95564.0","89568.0","94804.0","83412.0"
"2835.3","71712.24","72064","100544.0","95564.0","89568.0","94804.0","83412.0"
"2840.05","72225.47","72192","99524.0","94928.0","89176.0","94168.0","83416.0"
"2845.26","72225.47","72320","99656.0","95056.0","89176.0","94172.0","83420.0"
"2850.0","72225.47","72448","99784.0","95056.0","89316.0","94300.0","83420.0"
"2855.28","72225.47","72448","99784.0","95056.0","89316.0","94300.0","83420.0"
"2860.04","72225.47","72832","100168.0","95316.0","89444.0","94556.0","83420.0"
"2865.29","72225.47","72832","100168.0","95316.0","89444.0","94556.0","83420.0"
"2870.05","72995.19","72960","99416.0","94820.0","89188.0","94048.0","83424.0"
"2875.39","72995.19","73216","99676.0","94948.0","89328.0","94180.0","83424.0"
"2880.13","72995.19","73216","99676.0","94948.0","89328.0","94180.0","83424.0"
"2885.44","72995.19","73216","99676.0","94948.0","89328.0","94180.0","83424.0"
"2890.14","72995.19","73600","100060.0","95204.0","89456.0","94436.0","83424.0"
"2895.48","73764.9","73600","99672.0","94940.0","89320.0","94188.0","83424.0"
"2900.3","73764.9","73600","99672.0","95084.0","89320.0","94324.0","83424.0"
"2905.06","73764.9","73984","100068.0","95212.0","89460.0","94452.0","83424.0"
"2910.27","73764.9","73984","100068.0","95212.0","89460.0","94452.0","83424.0"
"2915.49","73764.9","73984","100072.0","95212.0","89460.0","94452.0","83424.0"
"2920.23","73764.9","74368","100456.0","95468.0","89592.0","94712.0","83432.0"
"2925.11","74534.62","74368","99556.0","94820.0","89336.0","94196.0","83432.0"
"2930.45","74534.62","74368","99556.0","94820.0","89336.0","94200.0","83436.0"
"2935.28","74534.62","74752","99952.0","95088.0","89476.0","94464.0","83436.0"
"2940.05","74534.62","74752","99952.0","95088.0","89476.0","94464.0","83436.0"
"2945.44","74534.62","74752","99952.0","95220.0","89476.0","94592.0","83436.0"
"2950.23","74534.62","75136","100336.0","95348.0","89604.0","94720.0","83436.0"
"2955.5","74534.62","75136","100336.0","95348.0","89604.0","94720.0","83436.0"
"2960.29","74534.62","75264","100464.0","95476.0","89604.0","94848.0","83436.0"
"2965.05","74534.62","75520","100724.0","95604.0","89596.0","94716.0","83432.0"
"2970.31","75689.06","75520","100344.0","95344.0","89596.0","94716.0","83432.0"
"2975.12","75689.06","75648","100480.0","95484.0","89596.0","94852.0","83432.0"
"2980.48","75689.06","75904","100736.0","95612.0","89736.0","94980.0","83432.0"
"2985.24","75689.06","75904","100740.0","95612.0","89736.0","94980.0","83432.0"
"2990.01","75689.06","76032","100872.0","95872.0","89736.0","95108.0","83432.0"
"2995.38","76330.53","76288","100232.0","95352.0","89480.0","94600.0","83432.0"
"3000.3","76330.53","76288","100232.0","95352.0","89480.0","94600.0","83432.0"
"3005.19","76330.53","76416","100360.0","95492.0","89480.0","94600.0","83436.0"
"3010.04","76330.53","76672","100616.0","95620.0","89612.0","94864.0","83436.0"
"3015.38","76330.53","76672","100616.0","95620.0","89612.0","94344.0","83432.0"
"3020.18","76843.76","76800","99984.0","95240.0","89348.0","94344.0","83432.0"
"3025.08","76843.76","76928","100112.0","95368.0","89488.0","94608.0","83432.0"
"3030.07","76843.76","77056","100240.0","95368.0","89488.0","94608.0","83432.0"
"3035.42","76843.76","77056","100240.0","95500.0","89488.0","94608.0","83436.0"
"3040.19","76843.76","77312","100624.0","95628.0","89616.0","94864.0","83436.0"
"3045.4","76843.76","77440","100624.0","95628.0","89616.0","94864.0","83436.0"
"3050.27","76843.76","77568","100756.0","95756.0","89616.0","94864.0","83436.0"
"3055.03","76843.76","77824","101012.0","95884.0","89744.0","95124.0","83436.0"
"3060.41","77998.21","77824","100372.0","95368.0","89612.0","94736.0","83432.0"
"3065.26","77998.21","77824","100376.0","95508.0","89612.0","94736.0","83432.0"
"3070.06","77998.21","78080","100640.0","95636.0","89752.0","95000.0","83432.0"
"3075.35","77998.21","78208","99868.0","95112.0","89356.0","94356.0","83432.0"
"3080.21","78383.2","78336","100008.0","95256.0","89356.0","94356.0","83432.0"
"3085.42","78383.2","78336","100008.0","95256.0","89500.0","94624.0","83432.0"
"3090.25","78383.2","78592","100264.0","95384.0","89500.0","94624.0","83436.0"
"3095.07","78383.2","78720","100392.0","95512.0","89500.0","94624.0","83436.0"
"3100.31","78383.2","78848","100520.0","95640.0","89500.0","94756.0","83436.0"
"3105.04","78383.2","78976","100648.0","95640.0","89628.0","94884.0","83436.0"
"3110.25","78383.2","79104","100780.0","95768.0","89628.0","94884.0","83436.0"
"3115.08","78383.2","79232","100908.0","95896.0","89628.0","95012.0","83436.0"
"3120.45","79409.4","79360","100272.0","95256.0","89624.0","94504.0","83436.0"
"3125.3","79409.4","79488","100404.0","95400.0","89628.0","94504.0","83436.0"
"3130.11","79409.4","79616","100536.0","95528.0","89628.0","94632.0","83436.0"
"3135.37","79409.4","79744","100664.0","95528.0","89760.0","94764.0","83436.0"
"3140.15","79409.4","79872","100796.0","95656.0","89760.0","94764.0","83436.0"
"3145.35","79409.4","79872","100796.0","95784.0","89760.0","94892.0","83436.0"
"3150.18","79409.4","80128","101052.0","95784.0","89888.0","95020.0","83436.0"
"3155.43","80435.6","80256","100664.0","95520.0","89756.0","94768.0","83436.0"
"3160.22","80435.6","80256","100664.0","95520.0","89756.0","94768.0","83436.0"
"3165.02","80692.34","80512","116412.0","111396.0","105888.0","110764.0","99820.0"
"3170.33","80692.34","80640","116552.0","111540.0","105888.0","110764.0","99820.0"
"3175.07","80692.34","80768","116680.0","111668.0","105888.0","110900.0","99820.0"
"3180.35","80692.34","80896","116808.0","111668.0","106032.0","111032.0","99824.0"
"3185.12","80692.34","81024","116936.0","111796.0","106032.0","111032.0","99824.0"
"3190.36","80692.34","81280","117192.0","111924.0","106160.0","111288.0","99824.0"
"3195.11","81462.06","81408","116824.0","111800.0","105896.0","110904.0","99820.0"
"3200.46","81462.06","81408","116824.0","111800.0","105896.0","110904.0","99820.0"
"3205.15","81462.06","81664","117080.0","111928.0","106036.0","111172.0","99820.0"
"3210.43","81462.06","81792","117208.0","112060.0","106036.0","111172.0","99820.0"
"3215.21","81462.06","81792","117208.0","112060.0","106036.0","111172.0","99820.0"
"3220.46","81462.06","81920","117336.0","112060.0","106164.0","111432.0","99820.0"
"3225.22","81462.06","82176","117596.0","112316.0","106164.0","111432.0","99820.0"
"3230.04","81462.06","82176","117596.0","112316.0","106292.0","111560.0","99820.0"
"3235.34","81462.06","82304","117724.0","112316.0","106292.0","111560.0","99820.0"
"3240.16","81462.06","82560","117980.0","112572.0","106292.0","111688.0","99824.0"
"3245.47","82744.75","82688","116580.0","111544.0","105912.0","110792.0","99820.0"
"3250.2","82744.75","82688","116580.0","111544.0","105912.0","110792.0","99820.0"
"3255.47","82873.25","82816","116712.0","111684.0","106052.0","111056.0","99820.0"
"3260.29","82873.25","83072","116972.0","111816.0","106052.0","111056.0","99820.0"
"3265.02","82873.25","83072","116972.0","111816.0","106052.0","111056.0","99820.0"
"3270.29","82873.25","83072","116972.0","111816.0","106052.0","111056.0","99820.0"
"3275.02","82873.25","83456","117356.0","112072.0","106180.0","111316.0","99820.0"
"3280.32","82873.25","83456","117360.0","112072.0","106180.0","111316.0","99824.0"
"3285.46","82873.25","83456","117360.0","112072.0","106308.0","111444.0","99824.0"
"3290.32","82873.25","83840","117748.0","112328.0","106308.0","111572.0","99824.0"
"3295.08","82873.25","83840","117748.0","112328.0","106308.0","111572.0","99824.0"
"3300.47","84027.69","83840","116856.0","111688.0","106044.0","111060.0","99820.0"
"3305.39","84027.69","84224","117248.0","111960.0","106184.0","111328.0","99820.0"
"3310.16","84027.69","84224","117248.0","111960.0","106184.0","111328.0","99820.0"
"3315.43","84027.69","84224","117248.0","111960.0","106184.0","111328.0","99820.0"
"3320.28","84669.16","84480","116864.0","111700.0","106048.0","111068.0","99820.0"
"3325.08","84669.16","84608","117000.0","111840.0","106048.0","111068.0","99820.0"
"3330.33","84669.16","84736","117128.0","111840.0","106188.0","111204.0","99820.0"
"3335.12","84669.16","84864","117256.0","111968.0","106188.0","111332.0","99820.0"
"3340.39","84669.16","84992","117384.0","112096.0","106188.0","111332.0","99820.0"
"3345.4","84669.16","85120","117516.0","112096.0","106320.0","111460.0","99820.0"
"3350.19","84669.16","85248","117648.0","112224.0","106320.0","111592.0","99820.0"
"3355.02","84669.16","85376","117776.0","112356.0","106320.0","111592.0","99820.0"
"3360.41","84669.16","85376","117904.0","112356.0","106448.0","111720.0","99820.0"
"3365.19","85823.61","85632","116880.0","111716.0","106068.0","111088.0","99832.0"
"3370.07","85823.61","85760","117016.0","111856.0","106068.0","111088.0","99832.0"
"3375.34","85823.61","85760","117016.0","111856.0","106208.0","110832.0","99832.0"
"3380.22","86080.35","86016","116640.0","110964.0","105944.0","110968.0","99832.0"
"3385.47","86080.35","86144","116768.0","111092.0","105944.0","110972.0","99832.0"
"3390.3","86080.35","86272","116896.0","111092.0","106084.0","111100.0","99832.0"
"3395.14","86080.35","86400","117024.0","111220.0","106084.0","111232.0","99832.0"
"3400.38","86080.35","86528","117152.0","111352.0","106084.0","111232.0","99832.0"
"3405.21","86721.83","86656","116392.0","110832.0","105832.0","110724.0","99832.0"
"3410.07","86721.83","86784","116520.0","110972.0","105832.0","110852.0","99832.0"
"3415.3","86721.83","86912","116648.0","111100.0","105832.0","110856.0","99832.0"
"3420.11","86721.83","86912","116648.0","111100.0","105832.0","110856.0","99832.0"
"3425.35","86721.83","87168","116908.0","111228.0","105964.0","111112.0","99836.0"
"3430.07","86721.83","87296","117036.0","111356.0","105964.0","111112.0","99836.0"
"3435.28","86721.83","87296","117036.0","111356.0","105964.0","111112.0","99836.0"
"3440.1","87491.54","87552","116792.0","111104.0","105968.0","111116.0","99836.0"
"3445.37","87491.54","87680","116920.0","111236.0","105968.0","111116.0","99836.0"
"3450.18","87491.54","87680","116920.0","111236.0","105968.0","111116.0","99836.0"
"3455.4","87491.54","87936","117176.0","111364.0","106096.0","111372.0","99836.0"
"3460.09","87491.54","87936","117176.0","111364.0","106096.0","111372.0","99836.0"
"3465.32","87491.54","88064","117304.0","111492.0","106096.0","111372.0","99836.0"
"3470.18","88389.5","88320","116804.0","111104.0","106096.0","111120.0","99836.0"
"3475.47","88389.5","88320","116936.0","111244.0","106096.0","111120.0","99836.0"
"3480.35","88389.5","88448","116936.0","111244.0","106096.0","111120.0","99836.0"
"3485.12","88389.5","88576","117064.0","111372.0","106096.0","111252.0","99840.0"
"3490.41","88389.5","88832","117320.0","111500.0","106232.0","111380.0","99840.0"
"3495.21","88389.5","88832","117320.0","111500.0","106232.0","111384.0","99840.0"
"3500.49","89159.21","88960","116680.0","111112.0","106104.0","111128.0","99840.0"
"3505.27","89159.21","89216","116944.0","111252.0","106104.0","111128.0","99840.0"
"3510.1","89159.21","89216","116944.0","111252.0","106104.0","111128.0","99840.0"
"3515.42","89159.21","89344","117072.0","111252.0","106236.0","111260.0","99840.0"
"3520.2","89159.21","89600","117328.0","111508.0","106236.0","111388.0","99844.0"
"3525.49","89800.69","89600","116556.0","110992.0","105976.0","110868.0","99840.0"
"3530.36","89800.69","89728","116696.0","110992.0","106112.0","111008.0","99844.0"
"3535.05","89800.69","89856","116824.0","111260.0","106112.0","111136.0","99844.0"
"3540.31","89800.69","89984","116952.0","111260.0","106112.0","111136.0","99844.0"
"3545.09","89800.69","90112","117080.0","111260.0","106240.0","111264.0","99844.0"
"3550.35","89800.69","90240","117208.0","111392.0","106240.0","111392.0","99844.0"
"3555.12","90570.4","90368","116184.0","110744.0","105848.0","110624.0","99844.0"
"3560.47","90570.4","90496","116324.0","110744.0","105988.0","110760.0","99844.0"
"3565.27","90570.4","90624","116452.0","110884.0","105988.0","110892.0","99844.0"
"3570.04","90570.4","90752","116580.0","111012.0","105988.0","110896.0","99848.0"
"3575.29","90570.4","90880","116708.0","111012.0","106116.0","111024.0","99848.0"
"3580.09","90570.4","90880","116708.0","111140.0","106116.0","111152.0","99848.0"
"3585.38","90570.4","91136","116964.0","111268.0","106116.0","111152.0","99844.0"
"3590.19","91340.12","91264","116468.0","110748.0","106124.0","110896.0","99844.0"
"3595.03","91340.12","91264","116468.0","110748.0","106124.0","110896.0","99844.0"
"3600.4","91340.12","91392","116596.0","111020.0","106124.0","111024.0","99844.0"
"3605.33","91340.12","91648","116852.0","111020.0","106256.0","111156.0","99844.0"
"3610.07","91340.12","91648","116852.0","111020.0","106256.0","111156.0","99844.0"
"3615.35","91340.12","91904","117108.0","111276.0","106256.0","111288.0","99844.0"
"3620.14","91340.12","92032","117240.0","111276.0","106384.0","111416.0","99844.0"
"3625.4","91340.12","92032","117240.0","111276.0","106384.0","111416.0","99844.0"
"3630.22","92494.56","92288","116980.0","111284.0","106252.0","111292.0","99844.0"
"3635.08","92494.56","92416","117116.0","111284.0","106256.0","111292.0","99844.0"
"3640.37","92494.56","92416","117116.0","111284.0","106256.0","111296.0","99844.0"
"3645.2","92494.56","92672","117376.0","111416.0","106392.0","111424.0","99844.0"
"3650.07","92494.56","92800","117508.0","111544.0","106392.0","111552.0","99844.0"
"3655.29","92494.56","92800","117508.0","111544.0","106392.0","111552.0","99848.0"
"3660.09","93392.52","93184","116736.0","111024.0","106128.0","111036.0","99844.0"
"3665.4","93392.52","93184","116736.0","111024.0","106128.0","111040.0","99844.0"
"3670.21","93392.52","93184","116736.0","111024.0","106132.0","111040.0","99844.0"
"3675.49","93392.52","93568","117132.0","111292.0","106272.0","111304.0","99844.0"
"3680.24","93392.52","93568","117132.0","111292.0","106272.0","111304.0","99844.0"
"3685.08","93392.52","93568","117132.0","111292.0","106272.0","111304.0","99844.0"
"3690.45","93392.52","93952","117516.0","111552.0","106400.0","111564.0","99848.0"
"3695.32","94162.23","93952","117132.0","111292.0","106264.0","111300.0","99844.0"
"3700.26","94162.23","93952","117268.0","111432.0","106264.0","111436.0","99844.0"
"3705.1","94162.23","94208","117528.0","111560.0","106404.0","111564.0","99844.0"
"3710.39","94547.22","94336","116380.0","110784.0","106008.0","110924.0","99844.0"
"3715.17","94547.22","94336","116516.0","110924.0","106008.0","111060.0","99844.0"
"3720.01","94547.22","94720","116772.0","111052.0","106148.0","111188.0","99844.0"
"3725.23","94547.22","94720","116772.0","111052.0","106148.0","111188.0","99844.0"
"3730.37","94547.22","94720","116776.0","111052.0","106148.0","111188.0","99844.0"
"3735.32","95188.69","94976","116008.0","110676.0","105756.0","110676.0","99844.0"
"3740.11","95188.69","95104","116144.0","110676.0","105896.0","110816.0","99844.0"
"3745.34","95188.69","95104","116144.0","110816.0","105896.0","110816.0","99844.0"
"3750.1","95188.69","95360","116400.0","110944.0","105896.0","110944.0","99844.0"
"3755.4","95188.69","95488","116528.0","110944.0","106024.0","111076.0","99848.0"
"3760.15","95188.69","95488","116528.0","110944.0","106024.0","111076.0","99848.0"
"3765.47","95830.17","95744","116536.0","111072.0","105892.0","110952.0","99848.0"
"3770.25","95830.17","95872","116664.0","111072.0","106036.0","111080.0","99848.0"
"3775.47","95830.17","96000","116792.0","111204.0","106036.0","111084.0","99852.0"
"3780.23","95830.17","96128","116920.0","111332.0","106036.0","111212.0","99852.0"
"3785.06","95830.17","96256","117048.0","111332.0","106164.0","111344.0","99852.0"
"3790.35","95830.17","96384","117176.0","111460.0","106164.0","111344.0","99852.0"
"3795.09","95830.17","96384","117180.0","111460.0","106164.0","111344.0","99852.0"
"3800.37","95830.17","96640","117440.0","111588.0","106292.0","111600.0","99852.0"
"3805.14","95830.17","96640","117440.0","111588.0","106292.0","111600.0","99852.0"
"3810.01","96984.61","96768","133180.0","127584.0","122424.0","127464.0","116240.0"
"3815.22","96984.61","97024","133444.0","127724.0","122560.0","127728.0","116240.0"
"3820.47","96984.61","97024","133444.0","127856.0","122560.0","127728.0","116240.0"
"3825.25","96984.61","97152","133572.0","127856.0","122560.0","127728.0","116240.0"
"3830.03","96984.61","97152","133704.0","127984.0","122560.0","127860.0","116240.0"
"3835.27","96984.61","97408","133832.0","127984.0","122688.0","127988.0","116248.0"
"3840.16","97626.09","97536","132692.0","127224.0","122300.0","127220.0","116248.0"
"3845.48","97626.09","97664","132820.0","127352.0","122300.0","127356.0","116248.0"
"3850.2","97626.09","97792","132952.0","127352.0","122440.0","127484.0","116248.0"
"3855.49","98139.32","97920","132944.0","127480.0","122304.0","127352.0","116244.0"
"3860.31","98139.32","98048","133084.0","127620.0","122304.0","127488.0","116248.0"
"3865.17","98139.32","98176","133212.0","127620.0","122448.0","127616.0","116248.0"
"3870.39","98139.32","98304","133340.0","127752.0","122448.0","127616.0","116248.0"
"3875.11","98139.32","98560","133596.0","127880.0","122576.0","127876.0","116248.0"
"3880.31","98139.32","98560","133600.0","127880.0","122576.0","127880.0","116248.0"
"3885.11","98139.32","98560","133728.0","128008.0","122576.0","127104.0","116244.0"
"3890.47","98909.04","98816","132712.0","127372.0","122184.0","127244.0","116244.0"
"3895.3","98909.04","98944","132840.0","127372.0","122324.0","127372.0","116244.0"
"3900.19","98909.04","99072","132968.0","127500.0","122324.0","127372.0","116244.0"
"3905.02","98909.04","99328","133224.0","127628.0","122452.0","127628.0","116244.0"
"3910.31","98909.04","99328","133224.0","127628.0","122452.0","127628.0","116244.0"
"3915.11","98909.04","99328","133224.0","127760.0","122452.0","127628.0","116244.0"
"3920.04","98909.04","99456","133352.0","127760.0","122452.0","127628.0","116244.0"
"3925.39","99935.23","99712","132972.0","127500.0","122320.0","127376.0","116248.0"
"3930.15","99935.23","99712","132972.0","127500.0","122320.0","127376.0","116248.0"
"3935.41","99935.23","99840","133108.0","127768.0","122320.0","127512.0","116248.0"
"3940.26","99935.23","100096","133364.0","127768.0","122464.0","127640.0","116252.0"
"3945.44","99935.23","100096","133364.0","127768.0","122464.0","127640.0","116252.0"
"3950.18","99935.23","100224","133496.0","127896.0","122068.0","126864.0","116248.0"
"3955.41","100448.47","100480","132616.0","127260.0","122208.0","127128.0","116248.0"
"3960.24","100448.47","100608","132744.0","127392.0","122208.0","127132.0","116248.0"
"3965.1","100448.47","100608","132744.0","127392.0","122208.0","127132.0","116248.0"
"3970.36","100448.47","100864","133000.0","127520.0","122336.0","127392.0","116248.0"
"3975.14","101089.94","100992","132876.0","127528.0","122200.0","127256.0","116248.0"
"3980.44","101089.94","100992","132876.0","127528.0","122340.0","127392.0","116248.0"
"3985.23","101089.94","101248","133132.0","127656.0","122340.0","127520.0","116248.0"
"3990.45","101089.94","101248","133132.0","127784.0","122340.0","127520.0","116248.0"
"3995.19","101089.94","101376","133388.0","127784.0","122468.0","127648.0","116248.0"
"4000.43","101089.94","101632","133516.0","127912.0","122468.0","127784.0","116248.0"
"4005.1","101089.94","101632","133516.0","127912.0","122468.0","127784.0","116248.0"
"4010.38","101089.94","101888","133780.0","128044.0","122596.0","127912.0","116248.0"
"4015.15","101089.94","102016","133908.0","128172.0","122596.0","128040.0","116248.0"
"4020.04","102244.38","102016","133264.0","127656.0","122468.0","127656.0","116252.0"
"4025.41","102244.38","102144","133400.0","127796.0","122468.0","127656.0","116256.0"
"4030.18","102244.38","102400","133656.0","127924.0","122612.0","127924.0","116256.0"
"4035.45","102244.38","102400","133660.0","127924.0","122612.0","127924.0","116256.0"
"4040.29","102629.37","102528","133024.0","127668.0","122344.0","127540.0","116252.0"
"4045.04","102629.37","102784","133280.0","127668.0","122484.0","127672.0","116252.0"
"4050.36","102629.37","102784","133280.0","127668.0","122484.0","127672.0","116256.0"
"4055.13","102629.37","102912","133408.0","127800.0","122484.0","127672.0","116256.0"
"4060.47","103270.85","103040","132636.0","127284.0","122092.0","127156.0","116252.0"
"4065.25","103270.85","103168","132772.0","127284.0","122232.0","127292.0","116252.0"
"4070.02","103270.85","103168","132772.0","127284.0","122232.0","127292.0","116252.0"
"4075.28","103270.85","103424","133032.0","127552.0","122232.0","127420.0","116252.0"
"4080.09","103270.85","103552","133160.0","127552.0","122360.0","127548.0","116252.0"
"4085.38","103270.85","103680","133292.0","127680.0","122360.0","127548.0","116252.0"
"4090.09","103270.85","103808","133420.0","127808.0","122360.0","127676.0","116252.0"
"4095.31","103270.85","103936","133548.0","127808.0","122488.0","127808.0","116252.0"
"4100.15","103270.85","104064","133680.0","127940.0","122488.0","127808.0","116252.0"
"4105.38","104425.29","104192","133040.0","127548.0","122364.0","127556.0","116252.0"
"4110.24","104425.29","104320","133176.0","127548.0","122364.0","127556.0","116256.0"
"4115.05","104425.29","104448","133304.0","127688.0","122364.0","127560.0","116256.0"
"4120.42","104425.29","104576","133432.0","127816.0","122364.0","127688.0","116256.0"
"4125.18","104425.29","104704","133560.0","127816.0","122496.0","127816.0","116256.0"
"4130.02","104425.29","104832","133820.0","128072.0","122496.0","127948.0","116256.0"
"4135.38","105195.01","104960","133180.0","127680.0","122232.0","127556.0","116256.0"
"4140.16","105195.01","105216","133444.0","127824.0","122372.0","127692.0","116256.0"
"4145.49","105195.01","105216","133444.0","127824.0","122372.0","127692.0","116256.0"
"4150.35","105195.01","105344","133572.0","127952.0","122372.0","127820.0","116256.0"
"4155.09","105195.01","105600","133832.0","128080.0","122500.0","127948.0","116256.0"
"4160.37","105836.48","105600","133068.0","127560.0","122236.0","127432.0","116256.0"
"4165.1","105836.48","105728","133208.0","127700.0","122236.0","127572.0","116256.0"
"4170.39","105836.48","105856","133336.0","127700.0","122376.0","127700.0","116256.0"
"4175.16","105836.48","105984","133464.0","127828.0","122376.0","127700.0","116260.0"
"4180.04","105836.48","106112","133592.0","127956.0","122376.0","127832.0","116260.0"
"4185.41","106349.71","106240","132952.0","127444.0","122252.0","127452.0","116256.0"
"4190.14","106349.71","106368","133084.0","127588.0","122252.0","127452.0","116256.0"
"4195.46","106349.71","106496","133212.0","127716.0","122252.0","127580.0","116256.0"
"4200.29","106349.71","106624","133344.0","127716.0","122384.0","127708.0","116256.0"
"4205.05","106349.71","106752","133472.0","127844.0","122384.0","127708.0","116256.0"
"4210.29","106349.71","106752","133472.0","127972.0","122384.0","127836.0","116260.0"
"4215.17","107119.43","107008","132576.0","127328.0","122004.0","127204.0","116260.0"
"4220.49","107119.43","107136","132708.0","127468.0","122004.0","127204.0","116260.0"
"4225.3","107119.43","107264","132836.0","127596.0","122004.0","127336.0","116260.0"
"4230.03","107119.43","107392","132964.0","127596.0","122132.0","127464.0","116260.0"
"4235.27","107119.43","107520","133092.0","127728.0","122132.0","127464.0","116264.0"
"4240.49","107119.43","107520","133092.0","127728.0","122132.0","127464.0","116264.0"
"4245.34","107119.43","107776","133348.0","127856.0","122260.0","127724.0","116264.0"
"4250.12","107119.43","107904","133480.0","127984.0","122260.0","127076.0","116264.0"
"4255.44","108145.63","107904","132584.0","127340.0","122004.0","127076.0","116264.0"
"4260.19","108145.63","108160","132848.0","127604.0","122144.0","127344.0","116264.0"
"4265.49","108145.63","108288","132976.0","127604.0","122144.0","127344.0","116264.0"
"4270.34","108145.63","108288","132980.0","127604.0","122144.0","127348.0","116264.0"
"4275.15","108145.63","108544","133240.0","127732.0","122272.0","127604.0","116264.0"
"4280.46","108145.63","108672","133368.0","127864.0","122008.0","127084.0","116264.0"
"4285.31","108915.35","108672","132596.0","127344.0","122008.0","127084.0","116268.0"
"4290.06","108915.35","108928","132860.0","127612.0","122152.0","127348.0","116268.0"
"4295.42","108915.35","109056","132988.0","127612.0","122152.0","127348.0","116268.0"
"4300.28","108915.35","109056","132992.0","127612.0","122152.0","127348.0","116268.0"
"4305.11","109556.82","109312","132864.0","127608.0","122280.0","127360.0","116268.0"
"4310.36","109556.82","109440","133000.0","127608.0","122280.0","127360.0","116268.0"
"4315.14","109556.82","109440","133000.0","127608.0","122280.0","127360.0","116268.0"
"4320.46","109556.82","109824","133384.0","127880.0","122416.0","127616.0","116268.0"
"4325.33","109556.82","109824","133384.0","127880.0","122416.0","127616.0","116268.0"
"4330.13","109556.82","109824","133384.0","127880.0","122416.0","127616.0","116268.0"
"4335.43","109556.82","110080","133776.0","128136.0","122544.0","127872.0","116268.0"
"4340.23","109556.82","110208","133776.0","128136.0","122544.0","127488.0","116268.0"
"4345.03","110454.78","110208","133132.0","127764.0","122408.0","127488.0","116268.0"
"4350.29","110454.78","110464","133396.0","127892.0","122408.0","127624.0","116272.0"
"4355.06","110454.78","110592","133524.0","127892.0","122548.0","127760.0","116272.0"
"4360.23","110454.78","110592","133524.0","127892.0","122548.0","127760.0","116272.0"
"4365.5","110454.78","110848","133784.0","128152.0","122548.0","127888.0","116272.0"
"4370.36","110454.78","110976","133912.0","128152.0","122676.0","128016.0","116272.0"
"4375.18","111224.5","110976","133276.0","127760.0","122412.0","127624.0","116268.0"
"4380.06","111224.5","111232","133540.0","128028.0","122412.0","127760.0","116272.0"
"4385.38","111224.5","111360","133672.0","128028.0","122556.0","127888.0","116272.0"
"4390.15","111224.5","111360","133672.0","128028.0","122556.0","127888.0","116272.0"
"4395.46","111224.5","111616","133932.0","128284.0","122556.0","128020.0","116272.0"
"4400.28","111224.5","111744","134060.0","128284.0","122684.0","128148.0","116272.0"
"4405.09","111224.5","111744","134060.0","128284.0","122684.0","128152.0","116272.0"
"4410.42","112250.7","112000","133160.0","127776.0","122292.0","127508.0","116272.0"
"4415.26","112250.7","112128","133296.0","127776.0","122432.0","127644.0","116272.0"
"4420.07","112250.7","112128","133296.0","127776.0","122432.0","127644.0","116272.0"
"4425.3","112250.7","112384","133556.0","128044.0","122432.0","127772.0","116272.0"
"4430.19","112635.68","112384","132916.0","127648.0","122168.0","127260.0","116276.0"
"4435.1","112635.68","112512","133052.0","127648.0","122308.0","127396.0","116276.0"
"4440.39","112635.68","112640","133180.0","127788.0","122308.0","127396.0","116276.0"
"4445.24","112635.68","112768","133308.0","127916.0","122308.0","127528.0","116276.0"
"4450.04","112635.68","112896","133440.0","127916.0","122436.0","127656.0","116276.0"
"4455.37","112635.68","113024","133568.0","128044.0","122436.0","127656.0","116276.0"
"4460.14","112635.68","113152","133700.0","128176.0","122436.0","127784.0","116276.0"
"4465.09","112635.68","113280","133828.0","128176.0","122564.0","127912.0","116280.0"
"4470.4","113661.89","113408","149824.0","144300.0","138816.0","144036.0","132660.0"
"4475.2","113661.89","113536","149960.0","144440.0","138816.0","144172.0","132660.0"
"4480.42","113661.89","113664","150088.0","144440.0","138960.0","144300.0","132660.0"
"4485.25","113661.89","113792","150216.0","144568.0","138960.0","144300.0","132660.0"
"4490.04","113661.89","113792","150216.0","144568.0","138960.0","144304.0","132660.0"
"4495.33","113661.89","114048","150476.0","144696.0","139088.0","144564.0","132660.0"
"4500.19","113661.89","114176","150604.0","144824.0","139088.0","144564.0","132660.0"
"4505.19","113661.89","114176","150604.0","144304.0","138824.0","144044.0","132660.0"
"4510.08","114431.6","114432","150096.0","144448.0","138964.0","144308.0","132660.0"
"4515.08","114816.59","114560","149196.0","143928.0","138572.0","143536.0","132660.0"
"4520.04","114816.59","114560","149196.0","144068.0","138572.0","143672.0","132660.0"
"4525.34","114816.59","114688","149336.0","144068.0","138576.0","143672.0","132660.0"
"4530.22","114816.59","114944","149592.0","144196.0","138712.0","143804.0","132664.0"
"4535.18","114816.59","114944","149592.0","144196.0","138712.0","143804.0","132664.0"
"4540.26","114816.59","115328","149976.0","144452.0","138840.0","144060.0","132664.0"
"4545.08","114816.59","115328","149980.0","144452.0","138840.0","144060.0","132664.0"
"4550.43","114816.59","115328","149980.0","144452.0","138840.0","144060.0","132664.0"
"4555.21","115842.79","115584","149860.0","144320.0","138848.0","144064.0","132660.0"
"4560.05","115842.79","115712","149860.0","144320.0","138848.0","144064.0","132660.0"
"4565.4","115842.79","115712","149860.0","144320.0","138848.0","144064.0","132660.0"
"4570.2","115842.79","116096","150248.0","144588.0","138976.0","144324.0","132660.0"
"4575.03","115842.79","116096","150248.0","144588.0","138976.0","144328.0","132660.0"
"4580.29","115842.79","116096","150248.0","144588.0","138976.0","144328.0","132660.0"
"4585.13","115842.79","116480","150632.0","144844.0","139104.0","144584.0","132660.0"
"4590.48","116740.76","116480","149996.0","144456.0","138840.0","144068.0","132660.0"
"4595.28","116740.76","116480","149996.0","144456.0","138840.0","144068.0","132660.0"
"4600.13","116740.76","116736","150260.0","144600.0","138980.0","144332.0","132660.0"
"4605.0","116740.76","116864","150392.0","144728.0","138980.0","144332.0","132660.0"
"4610.4","116740.76","116864","150392.0","144728.0","138980.0","144332.0","132660.0"
"4615.21","116740.76","117120","150648.0","144856.0","139108.0","144592.0","132664.0"
"4620.48","116740.76","117248","150780.0","144984.0","139108.0","144592.0","132664.0"
"4625.24","117510.47","117248","149628.0","144212.0","138716.0","143824.0","132660.0"
"4630.17","117510.47","117376","149764.0","144352.0","138856.0","144088.0","132660.0"
"4635.02","117510.47","117632","150024.0","144480.0","138856.0","144088.0","132660.0"
"4640.19","117510.47","117632","150028.0","144480.0","138856.0","144088.0","132660.0"
"4645.12","117895.46","117888","149900.0","144364.0","138864.0","144092.0","132660.0"
"4650.48","117895.46","118016","150032.0","144492.0","138864.0","144096.0","132660.0"
"4655.2","117895.46","118016","150160.0","144492.0","138992.0","144224.0","132660.0"
"4660.42","117895.46","118272","150288.0","144620.0","138992.0","144356.0","132660.0"
"4665.21","117895.46","118400","150420.0","144748.0","138992.0","144356.0","132660.0"
"4670.03","118665.18","118400","149776.0","144232.0","138864.0","143968.0","132664.0"
"4675.32","118665.18","118784","150168.0","144500.0","139004.0","144232.0","132664.0"
"4680.03","118665.18","118784","150168.0","144500.0","139004.0","144232.0","132668.0"
"4685.25","118665.18","118912","150296.0","144500.0","139132.0","144360.0","132668.0"
"4690.49","118665.18","119168","150556.0","144760.0","139132.0","144488.0","132668.0"
"4695.15","118665.18","119168","150556.0","144760.0","139132.0","144488.0","132668.0"
"4700.43","118665.18","119296","150684.0","144760.0","139260.0","144620.0","132668.0"
"4705.21","118665.18","119552","150940.0","145016.0","139260.0","144748.0","132668.0"
"4710.0","118665.18","119552","150940.0","145016.0","139260.0","144748.0","132668.0"
"4715.21","118665.18","119552","151068.0","145016.0","139388.0","144108.0","132664.0"
"4720.48","119947.86","119936","150188.0","144508.0","138996.0","144248.0","132664.0"
"4725.2","119947.86","119936","150188.0","144508.0","138996.0","144248.0","132664.0"
"4730.49","119947.86","119936","150192.0","144508.0","139140.0","144376.0","132668.0"
"4735.19","120332.85","120320","150060.0","144508.0","138880.0","143992.0","132672.0"
"4740.05","120332.85","120320","150060.0","144508.0","138880.0","143992.0","132672.0"
"4745.42","120332.85","120320","150060.0","144508.0","138880.0","143992.0","132672.0"
"4750.22","120332.85","120704","150452.0","144772.0","139020.0","144252.0","132672.0"
"4755.03","120332.85","120704","150452.0","144772.0","139020.0","144252.0","132672.0"
"4760.39","120332.85","120704","150452.0","144772.0","139020.0","143864.0","132672.0"
"4765.21","120974.32","120960","150072.0","144520.0","138892.0","144128.0","132672.0"
"4770.02","120974.32","121088","150200.0","144648.0","138892.0","144128.0","132672.0"
"4775.29","120974.32","121088","150200.0","144648.0","138892.0","144128.0","132672.0"
"4780.08","120974.32","121472","150588.0","144908.0","139020.0","144384.0","132672.0"
"4785.31","120974.32","121472","150588.0","144908.0","139020.0","144388.0","132672.0"
"4790.02","120974.32","121472","150588.0","144908.0","139020.0","144388.0","132672.0"
"4795.31","120974.32","121728","150848.0","145164.0","139020.0","144520.0","132672.0"
"4800.15","120974.32","121856","150976.0","145164.0","139148.0","144648.0","132672.0"
"4805.4","120974.32","121856","150976.0","145164.0","139148.0","144648.0","132672.0"
"4810.13","122257.01","122112","150732.0","145040.0","139020.0","144388.0","132676.0"
"4815.43","122257.01","122240","150864.0","145040.0","139164.0","144524.0","132676.0"
"4820.24","122257.01","122240","150864.0","145040.0","139164.0","144528.0","132676.0"
"4825.08","122257.01","122496","151120.0","145308.0","139164.0","144656.0","132676.0"
"4830.38","122257.01","122624","151248.0","145308.0","139028.0","144268.0","132680.0"
"4835.22","122898.48","122624","150480.0","144792.0","139028.0","144268.0","132680.0"
"4840.46","122898.48","122880","150748.0","145060.0","139028.0","144404.0","132680.0"
"4845.21","122898.48","123008","150880.0","145060.0","139168.0","144532.0","132680.0"
"4850.45","122898.48","123136","151008.0","145188.0","139168.0","144532.0","132680.0"
"4855.21","122898.48","123264","151136.0","145316.0","139168.0","144660.0","132684.0"
"4860.02","122898.48","123392","151264.0","145316.0","139296.0","144788.0","132684.0"
"4865.33","122898.48","123520","151392.0","145448.0","139296.0","144788.0","132684.0"
"4870.17","123796.44","123520","150364.0","144808.0","138904.0","144148.0","132680.0"
"4875.09","123796.44","123776","150636.0","144948.0","139044.0","144416.0","132680.0"
"4880.38","123796.44","123904","150764.0","145076.0","139044.0","144420.0","132680.0"
"4885.09","123796.44","124032","150892.0","145076.0","139172.0","144548.0","132680.0"
"4890.41","124437.92","124160","150244.0","144684.0","138908.0","144160.0","132684.0"
"4895.11","124437.92","124288","150380.0","144824.0","138908.0","144160.0","132684.0"
"4900.39","124437.92","124416","150512.0","144824.0","139052.0","144296.0","132684.0"
"4905.16","124437.92","124544","150644.0","144952.0","139052.0","144428.0","132688.0"
"4910.42","124437.92","124800","150900.0","145084.0","139180.0","144556.0","132688.0"
"4915.2","124437.92","124800","150900.0","145084.0","139180.0","144556.0","132688.0"
"4920.45","124437.92","124928","151028.0","145212.0","139180.0","144688.0","132688.0"
"4925.29","125335.88","125184","150656.0","144832.0","139052.0","144428.0","132688.0"
"4930.46","125335.88","125184","150656.0","144832.0","139052.0","144428.0","132688.0"
"4935.19","125335.88","125312","150784.0","144960.0","139052.0","144564.0","132688.0"
"4940.05","125335.88","125568","151040.0","145088.0","139192.0","144692.0","132688.0"
"4945.25","125335.88","125568","151040.0","145088.0","139192.0","144692.0","132688.0"
"4950.11","125335.88","125696","151168.0","145216.0","139192.0","144820.0","132688.0"
"4955.43","126105.59","125952","150536.0","144840.0","138928.0","144312.0","132688.0"
"4960.29","126105.59","125952","150536.0","144840.0","138928.0","144312.0","132688.0"
"4965.08","126105.59","126080","150664.0","144968.0","139068.0","144576.0","132688.0"
"4970.36","126105.59","126336","150920.0","145096.0","139068.0","144576.0","132688.0"
"4975.04","126105.59","126336","150148.0","144576.0","138800.0","144056.0","132688.0"
"4980.3","126618.82","126336","150284.0","144716.0","138944.0","144320.0","132688.0"
"4985.1","126618.82","126720","150544.0","144844.0","138944.0","144320.0","132688.0"
"4990.33","126618.82","126720","150544.0","144844.0","138944.0","144320.0","132692.0"
"4995.11","126618.82","126976","150804.0","144972.0","139072.0","144580.0","132692.0"
"5000.37","126618.82","127104","150932.0","145104.0","139072.0","144580.0","132692.0"
"5005.14","126618.82","127104","150932.0","145104.0","139072.0","144580.0","132692.0"
"5010.23","126618.82","127232","151060.0","145232.0","139200.0","144836.0","132692.0"
"5015.08","127645.02","127360","150160.0","144460.0","138940.0","144192.0","132688.0"
"5020.43","127645.02","127488","150300.0","144600.0","138940.0","144196.0","132688.0"
"5025.19","127645.02","127616","150428.0","144728.0","138940.0","144332.0","132688.0"
"5030.19","127645.02","127744","150556.0","144728.0","139080.0","144460.0","132688.0"
"5035.5","128158.25","127872","150304.0","144592.0","138940.0","144196.0","132688.0"
"5040.4","128158.25","128000","150440.0","144732.0","138940.0","144332.0","132688.0"
"5045.24","128158.25","128128","150568.0","144732.0","139080.0","144468.0","132688.0"
"5050.04","128158.25","128256","150700.0","144864.0","139080.0","144468.0","132688.0"
"5055.38","128158.25","128256","150700.0","144992.0","139080.0","144596.0","132688.0"
"5060.1","128158.25","128512","150960.0","144992.0","139212.0","144724.0","132688.0"
"5065.32","128799.73","128512","149932.0","144348.0","138820.0","144076.0","132688.0"
"5070.13","128799.73","128640","150068.0","144488.0","138824.0","144076.0","132688.0"
"5075.29","128799.73","128768","150196.0","144616.0","138824.0","144212.0","132688.0"
"5080.06","128799.73","128896","150324.0","144616.0","138960.0","144340.0","132688.0"
"5085.33","128799.73","129024","150456.0","144744.0","138960.0","144340.0","132688.0"
"5090.02","128799.73","129152","150584.0","144872.0","138960.0","144472.0","132688.0"
"5095.27","128799.73","129280","150712.0","144872.0","139088.0","144600.0","132688.0"
"5100.02","129697.69","129408","165640.0","160192.0","154396.0","159796.0","148260.0"
"5105.28","129697.69","129536","165776.0","160192.0","154396.0","159796.0","148264.0"
"5110.47","129697.69","129664","165904.0","160192.0","154536.0","159924.0","148264.0"
"5115.17","129697.69","129920","166164.0","160448.0","154536.0","160052.0","148264.0"
"5120.46","129697.69","129920","166164.0","160448.0","154536.0","160052.0","148264.0"
"5125.18","129697.69","130176","166420.0","160576.0","154664.0","160180.0","148264.0"
"5130.35","129697.69","130304","166548.0","160704.0","154664.0","160312.0","148264.0"
"5135.05","130595.64","130304","166164.0","160448.0","154528.0","160052.0","148260.0"
"5140.45","130595.64","130560","166436.0","160588.0","154668.0","160188.0","148260.0"
"5145.27","130595.64","130688","166564.0","160720.0","154668.0","160316.0","148260.0"
"5150.07","130595.64","130688","166564.0","160720.0","154668.0","160316.0","148260.0"
"5155.36","131108.88","130816","165664.0","159944.0","154536.0","159804.0","148260.0"
"5160.14","131108.88","131072","165928.0","160212.0","154536.0","159940.0","148260.0"
"5165.42","131108.88","131072","165928.0","160212.0","154536.0","159940.0","148260.0"
"5170.23","131108.88","131200","166060.0","160216.0","154676.0","160072.0","148260.0"
"5175.03","131108.88","131328","166192.0","160472.0","154676.0","160204.0","148264.0"
"5180.31","131108.88","131456","166320.0","160472.0","154676.0","160204.0","148264.0"
"5185.07","131108.88","131456","166448.0","160600.0","154804.0","160332.0","148264.0"
"5190.34","131108.88","131840","166704.0","160732.0","154804.0","160460.0","148264.0"
"5195.12","131108.88","131840","166704.0","160732.0","154804.0","160460.0","148264.0"
"5200.45","131108.88","131840","166704.0","160860.0","154804.0","160460.0","148264.0"
"5205.3","132263.32","132096","166200.0","160344.0","154676.0","160080.0","148264.0"
"5210.09","132263.32","132224","166332.0","160484.0","154676.0","160212.0","148264.0"
"5215.36","132263.32","132224","165560.0","160484.0","154684.0","159960.0","148268.0"
"5220.34","132520.06","132608","165952.0","160232.0","154684.0","160092.0","148268.0"
"5225.17","132520.06","132608","165952.0","160232.0","154684.0","160092.0","148268.0"
"5230.41","132520.06","132736","166084.0","160232.0","154820.0","160220.0","148268.0"
"5235.2","132520.06","132992","166340.0","160492.0","154824.0","160348.0","148272.0"
"5240.47","132520.06","132992","166340.0","160492.0","154824.0","160348.0","148272.0"
"5245.19","133289.78","132992","165956.0","160228.0","154684.0","160084.0","148272.0"
"5250.1","133289.78","133376","166348.0","160496.0","154828.0","160348.0","148272.0"
"5255.39","133289.78","133376","166348.0","160496.0","154828.0","160348.0","148272.0"
"5260.23","133289.78","133376","166348.0","160496.0","154956.0","160348.0","148272.0"
"5265.47","133289.78","133760","166736.0","160752.0","154956.0","160608.0","148276.0"
"5270.23","133289.78","133760","166740.0","160752.0","154956.0","160096.0","148276.0"
"5275.12","134059.5","133888","166108.0","160380.0","154836.0","160232.0","148276.0"
"5280.03","134059.5","134016","166236.0","160512.0","154836.0","160360.0","148276.0"
"5285.27","134059.5","134144","166368.0","160512.0","154836.0","160360.0","148276.0"
"5290.0","134059.5","134400","166628.0","160640.0","154964.0","160488.0","148276.0"
"5295.32","134059.5","134400","166628.0","160640.0","154964.0","160488.0","148276.0"
"5300.11","134059.5","134528","166756.0","160768.0","154964.0","159720.0","148280.0"
"5305.35","134829.21","134784","165732.0","160132.0","154584.0","159860.0","148280.0"
"5310.1","134829.21","134784","165732.0","160132.0","154584.0","159860.0","148280.0"
"5315.35","134829.21","134912","165860.0","160260.0","154584.0","159988.0","148280.0"
"5320.13","134829.21","135168","166120.0","160388.0","154716.0","160116.0","148280.0"
"5325.01","134829.21","135168","166120.0","160388.0","154716.0","160120.0","148284.0"
"5330.35","134829.21","135296","166252.0","160520.0","154716.0","160248.0","148284.0"
"5335.19","134829.21","135552","166508.0","160648.0","154844.0","160376.0","148284.0"
"5340.13","134829.21","135552","166508.0","160648.0","154844.0","160376.0","148284.0"
"5345.49","135983.66","135680","165996.0","160264.0","154716.0","160244.0","148280.0"
"5350.31","135983.66","135808","166136.0","160264.0","154856.0","160384.0","148280.0"
"5355.11","135983.66","135936","166264.0","160404.0","154856.0","160384.0","148280.0"
"5360.46","135983.66","136064","166392.0","160532.0","154856.0","160512.0","148280.0"
"5365.3","135983.66","136192","166520.0","160532.0","154984.0","160644.0","148280.0"
"5370.12","135983.66","136320","166648.0","160140.0","154848.0","160252.0","148280.0"
"5375.38","136625.13","136448","166140.0","160284.0","154848.0","160388.0","148280.0"
"5380.26","136625.13","136576","166272.0","160284.0","154988.0","160516.0","148284.0"
"5385.12","136625.13","136704","166400.0","160412.0","154988.0","160648.0","148284.0"
"5390.49","136625.13","136832","166528.0","160540.0","154988.0","160648.0","148284.0"
"5395.32","136625.13","137088","166784.0","160668.0","155116.0","160776.0","148284.0"
"5400.29","136625.13","137088","166784.0","160668.0","155116.0","160776.0","148284.0"
"5405.27","136625.13","137216","166912.0","160796.0","155116.0","160904.0","148284.0"
"5410.19","137523.09","137472","165900.0","160036.0","154868.0","160148.0","148284.0"
"5415.47","137523.09","137472","165900.0","160036.0","154868.0","160148.0","148284.0"
"5420.39","137523.09","137600","166028.0","160168.0","154868.0","160276.0","148284.0"
"5425.2","138164.56","137856","165648.0","159900.0","154732.0","160012.0","148284.0"
"5430.42","138164.56","137856","165648.0","159900.0","154732.0","160012.0","148288.0"
"5435.23","138164.56","137984","165784.0","160040.0","154732.0","160156.0","148288.0"
"5440.48","138164.56","138112","165916.0","160168.0","154872.0","160284.0","148288.0"
"5445.27","138164.56","138240","166044.0","160168.0","154872.0","160284.0","148288.0"
"5450.09","138164.56","138368","166172.0","160296.0","154872.0","160412.0","148288.0"
"5455.31","138164.56","138368","166172.0","160296.0","154872.0","160412.0","148288.0"
"5460.04","138164.56","138624","166428.0","160556.0","155000.0","160668.0","148288.0"
"5465.33","139062.52","138752","165660.0","159912.0","154736.0","160148.0","148284.0"
"5470.11","139062.52","138752","165660.0","159912.0","154736.0","160148.0","148284.0"
"5475.43","139062.52","139136","166056.0","160180.0","154876.0","160416.0","148284.0"
"5480.18","139062.52","139136","166060.0","160180.0","154876.0","160416.0","148284.0"
"5485.47","139062.52","139136","166060.0","160180.0","154876.0","160420.0","148284.0"
"5490.32","139447.51","139392","165676.0","159932.0","154752.0","160164.0","148284.0"
"5495.06","139447.51","139520","165804.0","160060.0","154752.0","160168.0","148284.0"
"5500.34","139447.51","139520","165804.0","160060.0","154752.0","160168.0","148284.0"
"5505.11","139447.51","139648","166064.0","160188.0","154884.0","160424.0","148284.0"
"5510.03","139447.51","139904","166192.0","160320.0","154884.0","160424.0","148284.0"
"5515.33","139447.51","139904","166192.0","160320.0","154884.0","160424.0","148284.0"
"5520.16","139447.51","140032","166320.0","160448.0","154884.0","160556.0","148284.0"
"5525.09","139447.51","140288","166580.0","160576.0","155012.0","160684.0","148284.0"
"5530.39","139447.51","140288","166580.0","160576.0","155012.0","160684.0","148284.0"
"5535.18","140601.95","140544","165952.0","160324.0","154620.0","160180.0","148292.0"
"5540.0","140601.95","140672","166080.0","160324.0","154760.0","160308.0","148292.0"
"5545.26","140601.95","140672","166080.0","160324.0","154760.0","160308.0","148292.0"
"5550.05","141115.18","140800","165436.0","159932.0","154500.0","159788.0","148292.0"
"5555.32","141115.18","141056","165704.0","160076.0","154640.0","160052.0","148292.0"
"5560.03","141115.18","141056","165704.0","160076.0","154640.0","160052.0","148292.0"
"5565.29","141115.18","141184","165836.0","160204.0","154640.0","160052.0","148296.0"
"5570.01","141115.18","141440","166092.0","160332.0","154768.0","160312.0","148296.0"
"5575.22","141115.18","141440","166092.0","160332.0","154768.0","160312.0","148296.0"
"5580.0","141884.9","141568","165704.0","160076.0","154632.0","160056.0","148292.0"
"5585.32","141884.9","141824","165972.0","160216.0","154776.0","160320.0","148292.0"
"5590.08","141884.9","141824","165976.0","160216.0","154776.0","160320.0","148292.0"
"5595.33","141884.9","141952","166104.0","160344.0","154776.0","160324.0","148292.0"
"5600.14","141884.9","142208","166360.0","160476.0","154904.0","160580.0","148292.0"
"5605.37","142526.37","142208","165332.0","159968.0","154512.0","159808.0","148296.0"
"5610.26","142526.37","142464","165592.0","159968.0","154652.0","159948.0","148296.0"
"5615.02","142526.37","142592","165724.0","160096.0","154652.0","160076.0","148296.0"
"5620.27","142526.37","142592","165724.0","160096.0","154652.0","160076.0","148296.0"
"5625.07","142526.37","142720","165852.0","160224.0","154652.0","160076.0","148296.0"
"5630.33","142526.37","142976","166108.0","160352.0","154780.0","160332.0","148296.0"
"5635.08","143296.09","142976","165596.0","159960.0","154648.0","160072.0","148296.0"
"5640.36","143296.09","143104","165732.0","160232.0","154648.0","160208.0","148300.0"
"5645.21","143296.09","143360","165992.0","160232.0","154788.0","160340.0","148300.0"
"5650.4","143296.09","143360","165992.0","160232.0","154788.0","160340.0","148300.0"
"5655.16","143296.09","143488","166124.0","160360.0","154916.0","160468.0","148300.0"
"5660.44","143296.09","143744","166380.0","160488.0","154916.0","160600.0","148300.0"
"5665.14","143296.09","143744","166380.0","160488.0","154916.0","160600.0","148300.0"
"5670.45","144065.81","143872","165868.0","160236.0","154652.0","160080.0","148296.0"
"5675.21","144065.81","144128","166128.0","160364.0","154796.0","160344.0","148296.0"
"5680.36","144065.81","144128","166128.0","160364.0","154796.0","160344.0","148296.0"
"5685.1","144065.81","144256","166256.0","160492.0","154796.0","160344.0","148296.0"
"5690.31","144065.81","144512","166512.0","160624.0","154924.0","160604.0","148296.0"
"5695.06","144065.81","144512","166512.0","160624.0","154924.0","160604.0","148296.0"
"5700.35","144065.81","144640","166640.0","160752.0","154924.0","160604.0","148296.0"
"5705.1","144065.81","144896","166900.0","160880.0","155052.0","160860.0","148300.0"
"5710.33","144065.81","144896","166900.0","160880.0","155052.0","160860.0","148300.0"
"5715.04","144065.81","145024","167032.0","161008.0","155052.0","160864.0","148300.0"
"5720.27","145348.49","145280","182792.0","176892.0","171312.0","176992.0","164680.0"
"5725.08","145348.49","145280","182792.0","176892.0","171312.0","176992.0","164680.0"
"5730.25","145605.24","145408","182020.0","176384.0","171044.0","176352.0","164680.0"
"5735.48","145605.24","145536","182148.0","176384.0","171184.0","176492.0","164680.0"
"5740.26","145605.24","145664","182284.0","176516.0","171184.0","176624.0","164680.0"
"5745.01","145605.24","145792","182412.0","176644.0","171184.0","176624.0","164680.0"
"5750.27","145605.24","145920","182540.0","176644.0","171312.0","176752.0","164680.0"
"5755.01","145605.24","146048","182668.0","176772.0","171312.0","176880.0","164680.0"
"5760.27","145605.24","146048","182668.0","176900.0","171312.0","176880.0","164684.0"
